detail_id,invoice_id,product_id,quantity,unit_price,total_amount
81d96762-1e0d-4387-af92-a3c729831cef,2c9f72bf-f439-4591-b70f-3abc9ec729c5,8f262ab1-a7e5-4d5d-a82d-2e56aaaf8d50,1154.2,317,365881.4
60388c42-e283-40f1-865d-4c05cc323aa7,2c9f72bf-f439-4591-b70f-3abc9ec729c5,93570a8d-d5d2-482f-ab24-c5f502deac52,851.5,783,666724.5
8b3af8db-1145-4397-863f-391507592081,2c9f72bf-f439-4591-b70f-3abc9ec729c5,7df70441-0ae3-42f2-bfa1-74f05ac8079f,1148.3,321,368604.3
5cff14cb-dd9c-408d-a272-e5a47792305f,2c9f72bf-f439-4591-b70f-3abc9ec729c5,a4a4c3db-6ba7-40ca-a4fb-99b4e328eaf3,1368.62,737,1008672.94
cb6d3c0c-b026-4059-9aa3-16596eada1cb,2c9f72bf-f439-4591-b70f-3abc9ec729c5,6e4d3016-a937-4168-bb88-be6604601f48,2042.85,518,1058196.3
8177bc2f-959b-42ea-b401-ae2240412ee7,33073d3f-496a-459a-a45b-841d51ce9033,38c3ae11-2710-4d26-8bb4-132d5f2b3d8b,2808.35,124,348235.4
bd180b74-231a-43d0-a521-9d3dce9ae508,33073d3f-496a-459a-a45b-841d51ce9033,09f07748-848a-467c-a053-06a9ecd32d2b,325.15,686,223052.9
3267da4d-82f7-49ee-a0ce-3f8848c1be01,33073d3f-496a-459a-a45b-841d51ce9033,426dfc85-ff2a-4709-a996-d581c10f2f97,2995.83,152,455366.16
a7088960-0aa6-40a3-9861-cb28efd38703,154e1e78-b7ce-4446-9665-75a122a9c5ec,68d5eeea-58cd-4b2b-aa94-44715b03ee5e,1751.61,568,994914.48
7551ddb8-7302-4742-bc72-4673cdd08f54,3199c2a9-882e-45c0-8b2e-5994ac1f00dc,a4a4c3db-6ba7-40ca-a4fb-99b4e328eaf3,657.63,407,267655.41
48739777-96b3-4877-a460-0377c982e70b,3199c2a9-882e-45c0-8b2e-5994ac1f00dc,26bf1236-8893-44f4-9fca-babcb537d165,2678.33,950,2544413.5
d5721674-f544-475b-b819-77cc9babb588,3199c2a9-882e-45c0-8b2e-5994ac1f00dc,93570a8d-d5d2-482f-ab24-c5f502deac52,959.57,341,327213.37
0ba426e7-e6d1-4906-a5e6-3826188e50a4,01467e42-aff1-44e6-81d0-6144406b333b,eecaca04-a499-4eb5-a151-7c66dedd2170,1483.1,606,898758.6
41d4f819-0757-4cc5-8040-3ba06aa61ecf,01467e42-aff1-44e6-81d0-6144406b333b,09f07748-848a-467c-a053-06a9ecd32d2b,2199.56,676,1486902.56
9fdbe8a1-d908-455f-8b40-0b9e3babc866,a67d9195-c149-467d-b51e-c2d99cfd7508,7df70441-0ae3-42f2-bfa1-74f05ac8079f,321.12,886,284512.32
94e9d733-0fb1-485c-845c-0e25d3866830,a67d9195-c149-467d-b51e-c2d99cfd7508,8f262ab1-a7e5-4d5d-a82d-2e56aaaf8d50,1797.43,729,1310326.47
b4331d3f-067a-4815-a2c4-23b75fda6051,a67d9195-c149-467d-b51e-c2d99cfd7508,09f07748-848a-467c-a053-06a9ecd32d2b,579.68,949,550116.32
8f10e7ef-fc73-42d5-8c1e-adc71abb881a,a67d9195-c149-467d-b51e-c2d99cfd7508,6e4d3016-a937-4168-bb88-be6604601f48,662.59,168,111315.12
d12dac6c-5452-4390-8057-9db9b55ebe6d,a67d9195-c149-467d-b51e-c2d99cfd7508,fe881a9f-c827-4dd7-a687-0116c6f50979,2702.22,810,2188798.2
e22bd429-cdbe-4ab9-90a8-93fc962eb173,169393f2-4260-4fc6-a342-d63f3f60d1a0,6e4d3016-a937-4168-bb88-be6604601f48,719.71,338,243261.98
207495c4-35b0-4d9a-9978-c39da385b5d9,169393f2-4260-4fc6-a342-d63f3f60d1a0,09f07748-848a-467c-a053-06a9ecd32d2b,1933.04,784,1515503.36
1a5573e0-5f55-4407-8ba7-6586fcb3b082,169393f2-4260-4fc6-a342-d63f3f60d1a0,a4a4c3db-6ba7-40ca-a4fb-99b4e328eaf3,1225.78,753,923012.34
4c61c7af-3e2d-4dfe-a322-18ed04fc3287,169393f2-4260-4fc6-a342-d63f3f60d1a0,26bf1236-8893-44f4-9fca-babcb537d165,2012.44,320,643980.8
8da140df-279b-4611-9af9-3a4e32de1c98,169393f2-4260-4fc6-a342-d63f3f60d1a0,7df70441-0ae3-42f2-bfa1-74f05ac8079f,1664.6,307,511032.2
d4ac5fe4-8cb2-44d4-8973-dc4bd4bbf02f,44a0a5d4-6a23-4d6d-8397-78c987cba7fb,38c3ae11-2710-4d26-8bb4-132d5f2b3d8b,549.21,483,265268.43
c7eb2b91-cf99-4a43-ad02-8cb6198e51c4,5580f89d-8c08-42de-8478-a12e37bdd543,09f07748-848a-467c-a053-06a9ecd32d2b,419.03,391,163840.73
0815ac44-f888-4141-ab7c-8c3496afa41e,5580f89d-8c08-42de-8478-a12e37bdd543,eecaca04-a499-4eb5-a151-7c66dedd2170,2382.02,702,1672178.04
cef92f3c-06f9-425c-838f-6f0511ab7a7c,5580f89d-8c08-42de-8478-a12e37bdd543,93570a8d-d5d2-482f-ab24-c5f502deac52,2945.45,215,633271.75
54d380f1-564e-4734-a6d4-b7be180f5df3,76493bb0-9638-4fd8-8bec-0852eab98427,26bf1236-8893-44f4-9fca-babcb537d165,1789.54,487,871505.98
643c48b6-6881-4217-b16a-49fb52ade2e8,76493bb0-9638-4fd8-8bec-0852eab98427,eecaca04-a499-4eb5-a151-7c66dedd2170,1814.45,164,297569.8
f6e74d08-50bf-4b9a-8228-85fc25b7da4b,76493bb0-9638-4fd8-8bec-0852eab98427,6e4d3016-a937-4168-bb88-be6604601f48,503.16,954,480014.64
d5b7b1c8-1a03-4155-86ff-f2d40ce642fc,76493bb0-9638-4fd8-8bec-0852eab98427,6a854fc3-4b5e-4938-8d41-6a464f5da9cc,2165.75,202,437481.5
0035fd9a-4fe3-4579-81d7-87a5410c2253,0c74e304-2817-4701-aefb-5adb1e860c34,a4a4c3db-6ba7-40ca-a4fb-99b4e328eaf3,397.28,428,170035.84
b1c38858-8a11-40b2-a936-b562785869c3,0c74e304-2817-4701-aefb-5adb1e860c34,f3f1a6e1-0ea0-4634-a8b7-8dd7b6e914a6,1872.78,201,376428.78
35069479-7bf3-414f-b564-9ff7841a0235,0c74e304-2817-4701-aefb-5adb1e860c34,09f07748-848a-467c-a053-06a9ecd32d2b,1460.42,92,134358.64
0af27a45-aae5-4341-a359-5a2aa48bbc0b,0c74e304-2817-4701-aefb-5adb1e860c34,6e4d3016-a937-4168-bb88-be6604601f48,1132.3,970,1098331.0
7f0d7279-ec51-4fe8-91ed-32f0eb10d4fb,0c74e304-2817-4701-aefb-5adb1e860c34,b0272b01-8d79-4ec4-976d-e8ad31bc59cd,2819.34,931,2624805.54
41dc8798-7b14-4489-812b-c88b098df531,a817d6a0-eb8b-4f6c-b1a2-d16bfaa25829,38c3ae11-2710-4d26-8bb4-132d5f2b3d8b,2727.1,265,722681.5
e7c60774-4511-4e22-9ac7-af9508936a51,36631330-e243-42fa-bcab-6098c940aa2f,6a854fc3-4b5e-4938-8d41-6a464f5da9cc,2100.72,412,865496.64
8ee69af1-4d93-46a9-8b1a-7574c76e0acb,36631330-e243-42fa-bcab-6098c940aa2f,b0272b01-8d79-4ec4-976d-e8ad31bc59cd,2406.31,955,2298026.05
f0d840ca-d337-411a-8d1e-d454d41dd09e,fc1d0582-c50e-4f65-9350-6baed6ba300c,6e4d3016-a937-4168-bb88-be6604601f48,2929.36,817,2393287.12
8d12c322-3ebc-4570-9c07-f3d895d480fb,fc1d0582-c50e-4f65-9350-6baed6ba300c,26bf1236-8893-44f4-9fca-babcb537d165,717.29,292,209448.68
54f01dd5-e337-45b4-9915-5dacea032635,fc1d0582-c50e-4f65-9350-6baed6ba300c,f3f1a6e1-0ea0-4634-a8b7-8dd7b6e914a6,2634.44,869,2289328.36
416a961a-0178-4904-a948-b074463ff837,fc1d0582-c50e-4f65-9350-6baed6ba300c,a4a4c3db-6ba7-40ca-a4fb-99b4e328eaf3,2489.08,952,2369604.16
ddfe27f1-99c6-49e0-b95b-c43d559604b6,73e6f4fb-e742-43bb-bd8a-bf741a764bbd,26bf1236-8893-44f4-9fca-babcb537d165,366.92,804,295003.68
496c00d9-d6ce-4370-9339-7fcb3bb86385,73e6f4fb-e742-43bb-bd8a-bf741a764bbd,6a854fc3-4b5e-4938-8d41-6a464f5da9cc,2796.12,851,2379498.12
cccb675d-6798-4cce-acec-9817ac96c50e,73e6f4fb-e742-43bb-bd8a-bf741a764bbd,f3f1a6e1-0ea0-4634-a8b7-8dd7b6e914a6,2813.2,871,2450297.2
94321ecc-fead-4bce-9dac-bf3ed2c38874,73e6f4fb-e742-43bb-bd8a-bf741a764bbd,6e4d3016-a937-4168-bb88-be6604601f48,2108.75,802,1691217.5
9eab3047-b0d6-4cd8-bf3e-da86c14d1940,f3908c11-9503-498c-8ea1-7b179a22b430,a4a4c3db-6ba7-40ca-a4fb-99b4e328eaf3,1020.38,856,873445.28
9d417f95-0d70-46de-a889-8a85c76fce6e,f3908c11-9503-498c-8ea1-7b179a22b430,38c3ae11-2710-4d26-8bb4-132d5f2b3d8b,2193.45,441,967311.45
e4a43664-2823-4226-be19-91db66f07a7a,b7820dac-d5cc-4bbc-b5d0-2a8ebd8fde32,6e4d3016-a937-4168-bb88-be6604601f48,2618.2,277,725241.4
f95bed28-c3d5-41ea-8dfe-55e8e8795659,32c0cd7a-6bfe-4b70-a77e-aedb7eb62f3f,38c3ae11-2710-4d26-8bb4-132d5f2b3d8b,2504.78,521,1304990.38
0fc61ca3-ad46-458e-8a4b-c3dcbff0a496,32c0cd7a-6bfe-4b70-a77e-aedb7eb62f3f,b0272b01-8d79-4ec4-976d-e8ad31bc59cd,1244.08,890,1107231.2
ad029f4c-15e7-4734-82ae-dbcdbf336a83,fa06d9b2-6b91-4290-9b82-25c296b66424,6e4d3016-a937-4168-bb88-be6604601f48,901.89,725,653870.25
6b71f8a7-2504-43fb-8a8a-4e443273cd7e,fa06d9b2-6b91-4290-9b82-25c296b66424,a4a4c3db-6ba7-40ca-a4fb-99b4e328eaf3,821.45,386,317079.7
20baed2a-6e05-442c-b4f9-e89b96b54949,6b608990-c431-4c86-8e24-67f6c362e462,68d5eeea-58cd-4b2b-aa94-44715b03ee5e,2633.75,841,2214983.75
6619aa49-c1d7-49b1-afd1-226e7b2144e1,6b608990-c431-4c86-8e24-67f6c362e462,b0272b01-8d79-4ec4-976d-e8ad31bc59cd,1053.64,706,743869.84
cc59dde7-a892-4243-ad79-5b1b72886836,6b608990-c431-4c86-8e24-67f6c362e462,6e4d3016-a937-4168-bb88-be6604601f48,1675.4,745,1248173.0
05f879e8-2293-4404-94e9-b1f3e9472c42,2a2c04c5-8182-4994-8c2f-b38c1aa0f14b,38c3ae11-2710-4d26-8bb4-132d5f2b3d8b,1194.1,78,93139.8
a6eaadf1-5891-4d4c-9ebb-a4f2ddb66467,2a2c04c5-8182-4994-8c2f-b38c1aa0f14b,6e4d3016-a937-4168-bb88-be6604601f48,611.42,317,193820.14
59bfc64c-4b81-40b6-b68a-0a8da0c4fd09,2a2c04c5-8182-4994-8c2f-b38c1aa0f14b,09f07748-848a-467c-a053-06a9ecd32d2b,782.13,321,251063.73
05b53685-c63d-4881-81d4-08abf9afa117,2a2c04c5-8182-4994-8c2f-b38c1aa0f14b,26bf1236-8893-44f4-9fca-babcb537d165,403.29,660,266171.4
ecb6752b-9e49-4cca-8123-56770beeebb9,2a2c04c5-8182-4994-8c2f-b38c1aa0f14b,7df70441-0ae3-42f2-bfa1-74f05ac8079f,1473.32,796,1172762.72
306823b3-d561-4788-8952-9c8ea795ac90,8b606ee1-5efa-4797-a7b5-c6229442d08a,93570a8d-d5d2-482f-ab24-c5f502deac52,1478.26,573,847042.98
ea110d84-76a9-438a-a545-61800688d9b4,8b606ee1-5efa-4797-a7b5-c6229442d08a,a4a4c3db-6ba7-40ca-a4fb-99b4e328eaf3,612.24,971,594485.04
6f79d46a-523a-4cd9-81a0-1a10d7b5be14,8b606ee1-5efa-4797-a7b5-c6229442d08a,eecaca04-a499-4eb5-a151-7c66dedd2170,1856.79,310,575604.9
44a1bd1f-26c8-4236-bc5d-d664bc5d02ce,37dc4fa4-5f9f-4062-8b2b-4c79a486c8a6,b0272b01-8d79-4ec4-976d-e8ad31bc59cd,2213.72,51,112899.72
9c3507d4-fbb0-4139-aab8-15a29337d3bb,397f8619-5507-431b-8378-18200ba1096d,09f07748-848a-467c-a053-06a9ecd32d2b,2799.05,601,1682229.05
63d97bcb-db0d-402c-94b1-7da78b7c9a7d,397f8619-5507-431b-8378-18200ba1096d,1b662a26-3ed2-4697-b4a9-31a6e852ea76,2154.51,809,1742998.59
944d6772-1f09-4812-b940-9af3d34bfb28,397f8619-5507-431b-8378-18200ba1096d,17feba00-e112-4769-813f-6e5e8a62068a,2290.0,251,574790.0
c9e43963-c514-43e7-9105-8083ede8225b,397f8619-5507-431b-8378-18200ba1096d,a4a4c3db-6ba7-40ca-a4fb-99b4e328eaf3,1283.4,121,155291.4
f9192a24-ceac-4f34-b62a-166834db5944,397f8619-5507-431b-8378-18200ba1096d,36d9fc1c-5d48-4c50-849e-aaa7ca10480d,2861.96,992,2839064.32
b1610e27-6890-484b-b4ad-67cefbca7a09,88f47bc4-5e27-4c5b-9ff8-22b8b674c6e3,7df70441-0ae3-42f2-bfa1-74f05ac8079f,1982.52,729,1445257.08
c4d28743-ce28-4b2c-8f53-2c063a99b372,88f47bc4-5e27-4c5b-9ff8-22b8b674c6e3,09f07748-848a-467c-a053-06a9ecd32d2b,2589.64,787,2038046.68
013e8682-722d-4d6a-9b16-bab141e5a699,88f47bc4-5e27-4c5b-9ff8-22b8b674c6e3,a4a4c3db-6ba7-40ca-a4fb-99b4e328eaf3,2730.13,569,1553443.97
9c887ae3-3eb0-4aa4-84f8-5545bf9096c8,41423e8a-da9d-4f0f-a213-4835265e30c2,a4a4c3db-6ba7-40ca-a4fb-99b4e328eaf3,2100.61,384,806634.24
0b6284fa-a923-4703-91b1-4d997179e657,41423e8a-da9d-4f0f-a213-4835265e30c2,6e4d3016-a937-4168-bb88-be6604601f48,1386.48,352,488040.96
7cf76654-ad69-4b00-90d2-4a4d0ba467f0,41423e8a-da9d-4f0f-a213-4835265e30c2,ce5228e4-3525-49f0-a480-35790461380b,1796.91,246,442039.86
f027ba4b-f594-47ea-beac-18347a492d3c,0211c08f-9cca-47d1-b524-55c43048cb3b,38c3ae11-2710-4d26-8bb4-132d5f2b3d8b,2095.31,438,917745.78
cb428ffb-2fcb-4c06-931e-3020227c0a1d,0211c08f-9cca-47d1-b524-55c43048cb3b,6e4d3016-a937-4168-bb88-be6604601f48,2128.76,974,2073412.24
db52f200-9e5a-4f43-95bf-ff1a45742f97,0211c08f-9cca-47d1-b524-55c43048cb3b,26bf1236-8893-44f4-9fca-babcb537d165,769.87,632,486557.84
15d09a23-4aee-4dcb-ad9b-ae5b923b40bd,0211c08f-9cca-47d1-b524-55c43048cb3b,a4a4c3db-6ba7-40ca-a4fb-99b4e328eaf3,1112.56,611,679774.16
ca37d3cd-0080-445f-857f-3efaef177f74,76c93a10-9b5d-447e-a6c6-1ec70ef3ff25,a4a4c3db-6ba7-40ca-a4fb-99b4e328eaf3,1120.46,265,296921.9
b22f7600-5b7f-47db-b5a4-9e4afdd3f841,34e04e55-2e5f-42b1-8ac0-7c4433cd05d0,68d5eeea-58cd-4b2b-aa94-44715b03ee5e,2421.55,671,1624860.05
32ad43eb-18a8-491b-b4ad-4270e300fe3e,34e04e55-2e5f-42b1-8ac0-7c4433cd05d0,6a854fc3-4b5e-4938-8d41-6a464f5da9cc,2067.71,526,1087615.46
80d921ef-c734-49e8-bdf4-cd2c6648fa01,34e04e55-2e5f-42b1-8ac0-7c4433cd05d0,09f07748-848a-467c-a053-06a9ecd32d2b,1492.82,741,1106179.62
7d591377-1e5a-439b-af34-24f528133668,34e04e55-2e5f-42b1-8ac0-7c4433cd05d0,a4a4c3db-6ba7-40ca-a4fb-99b4e328eaf3,876.99,534,468312.66
c9fea144-4595-4e10-9643-7c132ff7d311,eda2abef-2898-4b7a-afd5-42d27b0cd8e1,a4a4c3db-6ba7-40ca-a4fb-99b4e328eaf3,2078.9,340,706826.0
11c47683-3558-40d1-b0d5-55f46a23d2c7,eda2abef-2898-4b7a-afd5-42d27b0cd8e1,38c3ae11-2710-4d26-8bb4-132d5f2b3d8b,1691.72,698,1180820.56
b9ed37ca-3876-43d5-b37d-ad22d066c237,d03cb481-ac3f-4bc9-9429-5e404c166d29,6e4d3016-a937-4168-bb88-be6604601f48,1205.01,888,1070048.88
2e0b8c4e-5a18-4b95-9121-35f7bc975483,d03cb481-ac3f-4bc9-9429-5e404c166d29,6a854fc3-4b5e-4938-8d41-6a464f5da9cc,2870.4,290,832416.0
66880744-1e9c-4974-b02d-5bf9b421e144,d03cb481-ac3f-4bc9-9429-5e404c166d29,7df70441-0ae3-42f2-bfa1-74f05ac8079f,2116.55,280,592634.0
c884c31e-16d6-47e0-9114-41051fbfbc1d,d03cb481-ac3f-4bc9-9429-5e404c166d29,a4a4c3db-6ba7-40ca-a4fb-99b4e328eaf3,2477.72,200,495544.0
914ba1da-67b1-4ec5-951e-ead5c9e525ea,d03cb481-ac3f-4bc9-9429-5e404c166d29,f3f1a6e1-0ea0-4634-a8b7-8dd7b6e914a6,365.95,300,109785.0
785b0c76-f357-4061-b00a-8dff1fc73c29,b0437186-b5c2-4d2d-a9b4-eac4d60d8b33,09f07748-848a-467c-a053-06a9ecd32d2b,1950.44,836,1630567.84
2add93ad-21ce-46d5-8c2f-7c4a98ba836a,b0437186-b5c2-4d2d-a9b4-eac4d60d8b33,6e4d3016-a937-4168-bb88-be6604601f48,496.64,474,235407.36
30b1f852-b464-42b2-b73c-351c08458797,b0437186-b5c2-4d2d-a9b4-eac4d60d8b33,68d5eeea-58cd-4b2b-aa94-44715b03ee5e,2692.57,639,1720552.23
e8988822-476f-4503-a80f-ff075bf784c4,b0437186-b5c2-4d2d-a9b4-eac4d60d8b33,fe881a9f-c827-4dd7-a687-0116c6f50979,824.98,763,629459.74
d5f1c967-94f4-4b35-8616-f3f2b6b154b2,6597eb98-1e35-401c-acea-f4cc17d14a0e,09f07748-848a-467c-a053-06a9ecd32d2b,1634.82,299,488811.18
63da7c20-d699-4cbc-9865-bc3fd091fff6,6597eb98-1e35-401c-acea-f4cc17d14a0e,6a854fc3-4b5e-4938-8d41-6a464f5da9cc,698.44,754,526623.76
8374edb8-0a5b-4aca-8a96-4230addaadfd,6597eb98-1e35-401c-acea-f4cc17d14a0e,b0272b01-8d79-4ec4-976d-e8ad31bc59cd,314.97,818,257645.46
7220445f-f80e-4b45-84d9-fa1f3a070950,6597eb98-1e35-401c-acea-f4cc17d14a0e,36d9fc1c-5d48-4c50-849e-aaa7ca10480d,2623.19,956,2507769.64
b899a1ac-b8b8-4590-b953-e72950babed3,5494bab4-e951-4d4b-bd9f-297014b98a36,32bcba03-65de-4f37-92f5-6558e41de80d,2401.74,274,658076.76
539bd8fb-5cde-43c1-8910-78d402e18e36,f6908891-94e9-4a23-835c-9b0fe40652bf,6e4d3016-a937-4168-bb88-be6604601f48,2471.1,762,1882978.2
fefc8826-a658-4189-84ab-db8c9074f0e8,f6908891-94e9-4a23-835c-9b0fe40652bf,09f07748-848a-467c-a053-06a9ecd32d2b,1698.49,101,171547.49
96ba96bc-e767-4bfe-9937-7773de494545,3b91fa5f-5633-484a-aa4c-7623f8abe837,38c3ae11-2710-4d26-8bb4-132d5f2b3d8b,972.84,918,893067.12
b5b12cc2-497b-4c5b-b63e-d7f694a9eb02,3b91fa5f-5633-484a-aa4c-7623f8abe837,6e4d3016-a937-4168-bb88-be6604601f48,627.67,186,116746.62
0adad7f7-8551-4383-931c-20a17bbbf34a,3b91fa5f-5633-484a-aa4c-7623f8abe837,26bf1236-8893-44f4-9fca-babcb537d165,2463.82,733,1805980.06
14d2d030-ba2e-4e6c-8200-a6f9d4eadcd9,3b91fa5f-5633-484a-aa4c-7623f8abe837,426dfc85-ff2a-4709-a996-d581c10f2f97,1734.06,622,1078585.32
bf90da7d-3e97-4e15-9e3f-2bebde18c1fc,3b91fa5f-5633-484a-aa4c-7623f8abe837,8f262ab1-a7e5-4d5d-a82d-2e56aaaf8d50,1907.72,823,1570053.56
aa741a71-21ea-4ac4-844a-4ae354dad821,d77d4544-d03e-4b98-b1f5-eba9dacb3971,09f07748-848a-467c-a053-06a9ecd32d2b,1954.16,786,1535969.76
8e1aadce-5946-4d1f-8d17-b6aa0156c037,d77d4544-d03e-4b98-b1f5-eba9dacb3971,38c3ae11-2710-4d26-8bb4-132d5f2b3d8b,2708.45,486,1316306.7
6102c9fe-e7cf-4c78-9b85-82fa3c20dfe8,d77d4544-d03e-4b98-b1f5-eba9dacb3971,a4a4c3db-6ba7-40ca-a4fb-99b4e328eaf3,2542.54,611,1553491.94
a8fe80cc-3997-4f0e-ac8e-577cb633ba02,d77d4544-d03e-4b98-b1f5-eba9dacb3971,fe881a9f-c827-4dd7-a687-0116c6f50979,1503.97,212,318841.64
927ff133-ab1a-4e03-b831-f23f3088032a,19fa60b4-3ba3-4061-98b7-5aeea98eb8c4,6e4d3016-a937-4168-bb88-be6604601f48,1515.19,819,1240940.61
18022e6b-0779-4c25-855e-d6e457f994fc,19fa60b4-3ba3-4061-98b7-5aeea98eb8c4,38c3ae11-2710-4d26-8bb4-132d5f2b3d8b,967.55,702,679220.1
7679bc40-2aab-47da-8e44-12153951583a,19fa60b4-3ba3-4061-98b7-5aeea98eb8c4,f3f1a6e1-0ea0-4634-a8b7-8dd7b6e914a6,1048.74,846,887234.04
a68bb73c-a642-4894-a5a3-414a4b088f95,19fa60b4-3ba3-4061-98b7-5aeea98eb8c4,a4a4c3db-6ba7-40ca-a4fb-99b4e328eaf3,1707.51,691,1179889.41
8ca505de-70ef-439b-8f80-c497e8f90129,c6e1e954-3848-4bfd-bd9e-2c1db1fe5897,6e4d3016-a937-4168-bb88-be6604601f48,1041.41,129,134341.89
ea2193ce-4ecc-4f02-9047-e7c4fd5b88ad,c6e1e954-3848-4bfd-bd9e-2c1db1fe5897,a4a4c3db-6ba7-40ca-a4fb-99b4e328eaf3,2226.57,290,645705.3
77426b87-a281-46ab-8c53-ce0d81ac0e37,efe19695-2c87-4849-9171-7624c5066b8f,36d9fc1c-5d48-4c50-849e-aaa7ca10480d,1206.79,964,1163345.56
df63c3c0-6d56-4843-83ae-30edcfd0abe1,efe19695-2c87-4849-9171-7624c5066b8f,32bcba03-65de-4f37-92f5-6558e41de80d,1758.41,191,335856.31
b9600bd0-93fa-4800-b62c-a54c46160902,efe19695-2c87-4849-9171-7624c5066b8f,09f07748-848a-467c-a053-06a9ecd32d2b,707.24,442,312600.08
80df25d8-51d2-4105-8898-b5dbde211dad,99361107-ae1d-4411-9931-c4eff0da51f5,38c3ae11-2710-4d26-8bb4-132d5f2b3d8b,2207.33,115,253842.95
4b050474-3421-4244-9137-840b86750984,99361107-ae1d-4411-9931-c4eff0da51f5,a4a4c3db-6ba7-40ca-a4fb-99b4e328eaf3,1420.14,388,551014.32
3c7bcb28-b43f-4ac3-9c23-0909d3eea3d1,62f10643-2db9-45a3-968e-5cf87894d552,b0272b01-8d79-4ec4-976d-e8ad31bc59cd,1558.0,113,176054.0
9ba4ad54-62d8-4c33-9309-d7958cd04d3c,62f10643-2db9-45a3-968e-5cf87894d552,a4a4c3db-6ba7-40ca-a4fb-99b4e328eaf3,858.45,480,412056.0
a1386c08-4ff1-4106-897d-bf04ce291355,62f10643-2db9-45a3-968e-5cf87894d552,f3f1a6e1-0ea0-4634-a8b7-8dd7b6e914a6,1351.59,838,1132632.42
bbd158b3-5dbf-4478-b3b5-f30925b89cd4,62f10643-2db9-45a3-968e-5cf87894d552,09f07748-848a-467c-a053-06a9ecd32d2b,1877.01,762,1430281.62
1d517e25-87e9-4a0c-9a06-1d6ceb460d79,62f10643-2db9-45a3-968e-5cf87894d552,8f262ab1-a7e5-4d5d-a82d-2e56aaaf8d50,352.74,951,335455.74
5c229c52-02e6-471d-b74e-527b326e128d,b047a9ac-74ec-4cdb-8a38-fadef66ce4bd,f3f1a6e1-0ea0-4634-a8b7-8dd7b6e914a6,1327.03,56,74313.68
df9100ac-1aec-430b-ad79-f77563e8e8c5,b047a9ac-74ec-4cdb-8a38-fadef66ce4bd,a4a4c3db-6ba7-40ca-a4fb-99b4e328eaf3,2845.4,355,1010117.0
664d6b23-e82e-4150-82be-0a2655b353f3,b047a9ac-74ec-4cdb-8a38-fadef66ce4bd,7df70441-0ae3-42f2-bfa1-74f05ac8079f,2334.38,923,2154632.74
7441bc6a-d9d0-45c1-94fa-ff66e53ace0f,b047a9ac-74ec-4cdb-8a38-fadef66ce4bd,93570a8d-d5d2-482f-ab24-c5f502deac52,2707.43,905,2450224.15
133f6f29-2ebe-4b41-bd61-ed3042cccd27,b047a9ac-74ec-4cdb-8a38-fadef66ce4bd,09f07748-848a-467c-a053-06a9ecd32d2b,1431.36,815,1166558.4
f1e06757-aa19-4253-9e04-b61c51eb4a6c,c0f51250-974b-4874-83ea-615397b70466,eecaca04-a499-4eb5-a151-7c66dedd2170,2459.64,969,2383391.16
abaa3b26-d645-41e7-8936-1852d0d99cdf,c0f51250-974b-4874-83ea-615397b70466,a4a4c3db-6ba7-40ca-a4fb-99b4e328eaf3,895.45,274,245353.3
11d977bf-0d5d-4775-b053-d80d9b447230,c0f51250-974b-4874-83ea-615397b70466,6e4d3016-a937-4168-bb88-be6604601f48,1036.93,547,567200.71
0e1120cd-c437-4f6c-9d1f-2171cccb5d53,c0f51250-974b-4874-83ea-615397b70466,6a854fc3-4b5e-4938-8d41-6a464f5da9cc,378.37,394,149077.78
158b8f49-ad3e-47b7-854a-c587a69aca66,c0f51250-974b-4874-83ea-615397b70466,f3f1a6e1-0ea0-4634-a8b7-8dd7b6e914a6,2105.96,867,1825867.32
b6ee42fd-d243-4bea-acd1-1ef57a24c034,b229f0ed-9211-4d58-ac3f-b43e1c2c298e,38c3ae11-2710-4d26-8bb4-132d5f2b3d8b,2255.29,910,2052313.9
9782fe98-ab96-489f-b806-63fffb518a1e,b229f0ed-9211-4d58-ac3f-b43e1c2c298e,f3f1a6e1-0ea0-4634-a8b7-8dd7b6e914a6,1561.95,180,281151.0
3ddefee9-b408-40b3-aba4-6b6adca1b91c,b229f0ed-9211-4d58-ac3f-b43e1c2c298e,6a854fc3-4b5e-4938-8d41-6a464f5da9cc,2947.95,596,1756978.2
4eb8ec2a-e8ab-4871-bbd8-a58b57d81a8d,b229f0ed-9211-4d58-ac3f-b43e1c2c298e,426dfc85-ff2a-4709-a996-d581c10f2f97,372.81,453,168882.93
bb27364b-1904-4807-b14f-da5ce8798abf,b3f54328-b689-4fe8-9575-38aa4cfcfa90,ce5228e4-3525-49f0-a480-35790461380b,1823.86,77,140437.22
ba666096-d88e-4937-bf98-b666bc838f94,b3f54328-b689-4fe8-9575-38aa4cfcfa90,38c3ae11-2710-4d26-8bb4-132d5f2b3d8b,526.66,488,257010.08
6e0423f5-3504-4e23-99c9-833fc210a550,b3f54328-b689-4fe8-9575-38aa4cfcfa90,f3f1a6e1-0ea0-4634-a8b7-8dd7b6e914a6,666.39,522,347855.58
fdd93ff2-1ef9-4e8c-a89b-69dbaa46b7da,b3f54328-b689-4fe8-9575-38aa4cfcfa90,6e4d3016-a937-4168-bb88-be6604601f48,790.67,316,249851.72
caa0d558-ef6d-422c-9915-452a9baa86a7,b3f54328-b689-4fe8-9575-38aa4cfcfa90,a4a4c3db-6ba7-40ca-a4fb-99b4e328eaf3,1323.58,266,352072.28
9cb311d7-1113-400a-9bfb-7a1c9b5fad14,e5cda7a1-2e19-4fe9-a961-b4a2c0941eec,32bcba03-65de-4f37-92f5-6558e41de80d,1182.48,829,980275.92
593cb7cb-56d0-4600-b742-60bf360ed6bb,e5cda7a1-2e19-4fe9-a961-b4a2c0941eec,f3f1a6e1-0ea0-4634-a8b7-8dd7b6e914a6,2675.03,334,893460.02
e3cb3423-f4db-4fe0-a0ab-9d0442c234b2,e5cda7a1-2e19-4fe9-a961-b4a2c0941eec,8f262ab1-a7e5-4d5d-a82d-2e56aaaf8d50,2330.43,901,2099717.43
afc90de2-99a4-43f5-80fe-1c49ee913e7e,e5cda7a1-2e19-4fe9-a961-b4a2c0941eec,26bf1236-8893-44f4-9fca-babcb537d165,1438.23,904,1300159.92
bb297cd8-83fe-4c79-8653-d26099cd8839,fa623068-92a6-46dc-83e6-3749a7f3d566,7df70441-0ae3-42f2-bfa1-74f05ac8079f,1569.83,817,1282551.11
2ddab416-1abf-4398-b95d-a7dc3ed93fa6,127312b4-ff8a-4cf5-80a5-6fdc249492bd,09f07748-848a-467c-a053-06a9ecd32d2b,440.63,408,179777.04
190bdc90-958d-4776-b591-3686c208f11f,127312b4-ff8a-4cf5-80a5-6fdc249492bd,a4a4c3db-6ba7-40ca-a4fb-99b4e328eaf3,905.4,120,108648.0
19c3b7cf-7cea-4a51-b903-878f3dbd1c34,127312b4-ff8a-4cf5-80a5-6fdc249492bd,fe881a9f-c827-4dd7-a687-0116c6f50979,2409.33,717,1727489.61
a75e5e37-53f8-411e-a220-6e6050b09e58,127312b4-ff8a-4cf5-80a5-6fdc249492bd,38c3ae11-2710-4d26-8bb4-132d5f2b3d8b,408.7,81,33104.7
545b6868-3375-404a-9bf7-aed0591516f4,127312b4-ff8a-4cf5-80a5-6fdc249492bd,8f262ab1-a7e5-4d5d-a82d-2e56aaaf8d50,2863.95,254,727443.3
5f31ce59-a138-49d3-ab8c-03bd29ba306f,911e6153-5d8c-46a0-becb-4cf52b294353,ce5228e4-3525-49f0-a480-35790461380b,1977.61,294,581417.34
d58d61c7-b228-4ac5-9ca7-4e5eb39ee782,f62f17a1-74ea-49a9-b4d7-031792a782ed,09f07748-848a-467c-a053-06a9ecd32d2b,1578.61,167,263627.87
0e41a400-41e0-4ae3-bce2-6ca1e82866ee,f62f17a1-74ea-49a9-b4d7-031792a782ed,38c3ae11-2710-4d26-8bb4-132d5f2b3d8b,1822.72,273,497602.56
3d6a97f8-9b51-42eb-a204-d3ced3eadcac,d7ae9504-9c94-463d-b8bd-36186d4d5f49,6e4d3016-a937-4168-bb88-be6604601f48,2188.56,835,1827447.6
a1f2ab99-cf9c-493f-8798-e970a937fbcd,d7ae9504-9c94-463d-b8bd-36186d4d5f49,09f07748-848a-467c-a053-06a9ecd32d2b,1296.02,670,868333.4
6eead3d1-d49a-4718-ab91-afceba4ab181,d7ae9504-9c94-463d-b8bd-36186d4d5f49,1b662a26-3ed2-4697-b4a9-31a6e852ea76,1939.57,815,1580749.55
5c2f85ba-5979-42e8-bfe9-68c84ec83444,d7ae9504-9c94-463d-b8bd-36186d4d5f49,a4a4c3db-6ba7-40ca-a4fb-99b4e328eaf3,2239.56,846,1894667.76
4df9eb93-cd46-4692-b70c-3f4ccae1ae6d,02dd0b6f-8f54-4041-bdf5-cb3d08ba8723,ce5228e4-3525-49f0-a480-35790461380b,2904.75,160,464760.0
e3ca0212-83b5-428d-9028-aff8a9ffcfe9,02dd0b6f-8f54-4041-bdf5-cb3d08ba8723,8f262ab1-a7e5-4d5d-a82d-2e56aaaf8d50,1862.45,369,687244.05
ea2d0f4d-f8db-49ec-9e55-5c27eb32e42b,a18b5df2-b098-40e5-8d0a-93941346b117,36d9fc1c-5d48-4c50-849e-aaa7ca10480d,2128.84,434,923916.56
43d958c9-c207-4ac5-93ee-d52d4edfa139,a18b5df2-b098-40e5-8d0a-93941346b117,38c3ae11-2710-4d26-8bb4-132d5f2b3d8b,1370.97,782,1072098.54
c73d38e0-fe39-44ba-a63b-c1c2c6c7a3c5,a18b5df2-b098-40e5-8d0a-93941346b117,fe881a9f-c827-4dd7-a687-0116c6f50979,835.49,656,548081.44
180d43bb-c521-4e41-b0bd-a41ae20ce029,a18b5df2-b098-40e5-8d0a-93941346b117,8f262ab1-a7e5-4d5d-a82d-2e56aaaf8d50,2164.66,692,1497944.72
9acf8cc0-e8fd-4280-8deb-10b38c267367,a18b5df2-b098-40e5-8d0a-93941346b117,6e4d3016-a937-4168-bb88-be6604601f48,955.69,763,729191.47
8ae3bb3a-e95a-4517-93e1-7c8fe58b5f3f,f420d1a4-9984-41f0-a0c2-c0f76f4f312f,426dfc85-ff2a-4709-a996-d581c10f2f97,2595.79,664,1723604.56
7d21d619-2ce3-4a1a-9fae-243d6aec0e6e,f420d1a4-9984-41f0-a0c2-c0f76f4f312f,8f262ab1-a7e5-4d5d-a82d-2e56aaaf8d50,2474.93,865,2140814.45
2d52c3f5-c283-4068-88e4-a72bef2b1d92,f420d1a4-9984-41f0-a0c2-c0f76f4f312f,7df70441-0ae3-42f2-bfa1-74f05ac8079f,2956.38,851,2515879.38
bafe534e-2f58-45b1-9d9e-987cc514fe2c,b239484d-1747-477c-b707-b46cc3053cab,32bcba03-65de-4f37-92f5-6558e41de80d,1237.45,488,603875.6
f687ae7c-ec34-4937-ba6a-1ff95d5734e6,d991e8bd-e64f-47bd-9152-320715e3379d,09f07748-848a-467c-a053-06a9ecd32d2b,486.18,713,346646.34
71714587-82f4-4d35-a68b-a278f08fd347,d991e8bd-e64f-47bd-9152-320715e3379d,426dfc85-ff2a-4709-a996-d581c10f2f97,1221.32,919,1122393.08
789f1c3f-cf17-4515-b079-2a5550799534,d991e8bd-e64f-47bd-9152-320715e3379d,38c3ae11-2710-4d26-8bb4-132d5f2b3d8b,1434.16,551,790222.16
70db45dd-4268-453c-b4ee-ccfd5c7cfc9f,5cca167a-73a7-4d50-abd0-0d0acc1a730a,93570a8d-d5d2-482f-ab24-c5f502deac52,1470.51,420,617614.2
967d6004-15bb-4f73-a0c4-626a48859ad4,ecbd451a-2ac9-412b-8aa2-1bfe5d12e2e3,a4a4c3db-6ba7-40ca-a4fb-99b4e328eaf3,2209.73,495,1093816.35
509c67fc-f0ee-4c8d-8732-436c04d08a9f,ecbd451a-2ac9-412b-8aa2-1bfe5d12e2e3,7df70441-0ae3-42f2-bfa1-74f05ac8079f,775.57,584,452932.88
03b698fd-5d15-4d42-a5f1-50df6d09b7bd,ecbd451a-2ac9-412b-8aa2-1bfe5d12e2e3,4c62a13f-c3ef-48f2-bfe8-fb3ab0ca8701,2906.78,326,947610.28
2a0e770e-afcb-4b15-be3b-47cfa36d256f,ecbd451a-2ac9-412b-8aa2-1bfe5d12e2e3,6e4d3016-a937-4168-bb88-be6604601f48,1962.96,991,1945293.36
05e6af90-d096-4bca-9099-abe9adbc5a6f,960e3995-6169-48ed-92e4-010cb09bbc06,426dfc85-ff2a-4709-a996-d581c10f2f97,2391.53,526,1257944.78
b2fbde04-f99d-4016-9d0a-40f982ba8450,960e3995-6169-48ed-92e4-010cb09bbc06,32bcba03-65de-4f37-92f5-6558e41de80d,1476.05,798,1177887.9
14ce7578-9370-488e-af3e-c1cfdaed4db6,960e3995-6169-48ed-92e4-010cb09bbc06,38c3ae11-2710-4d26-8bb4-132d5f2b3d8b,1899.68,380,721878.4
3836ef01-a1a3-499c-8b68-d020d864c427,960e3995-6169-48ed-92e4-010cb09bbc06,fe881a9f-c827-4dd7-a687-0116c6f50979,2599.63,900,2339667.0
2518957b-c3ad-4b70-bd10-152d0d744177,960e3995-6169-48ed-92e4-010cb09bbc06,a4a4c3db-6ba7-40ca-a4fb-99b4e328eaf3,2823.48,335,945865.8
bd34bf6f-a897-4d90-b570-df676ac40f72,3ab3d1bb-fe93-4d5b-8687-38077f0300d9,eecaca04-a499-4eb5-a151-7c66dedd2170,958.43,525,503175.75
d7376cb4-3175-4bb8-98a9-67bb58cf9604,3ab3d1bb-fe93-4d5b-8687-38077f0300d9,26bf1236-8893-44f4-9fca-babcb537d165,1838.59,734,1349525.06
d86fd908-226d-48f2-9806-9c9af014c943,3ab3d1bb-fe93-4d5b-8687-38077f0300d9,7df70441-0ae3-42f2-bfa1-74f05ac8079f,1323.27,79,104538.33
a51711ed-1fe1-4f21-a030-55d54d8fb426,3ab3d1bb-fe93-4d5b-8687-38077f0300d9,a4a4c3db-6ba7-40ca-a4fb-99b4e328eaf3,1634.63,382,624428.66
1aca7824-8f23-4de3-95a8-94934bf3f57a,aa20a159-0f52-4a1c-afe0-65d42e7672fd,1b662a26-3ed2-4697-b4a9-31a6e852ea76,1616.38,413,667564.94
3faa945f-99e3-44ff-93dc-dd8c9785fda5,aa20a159-0f52-4a1c-afe0-65d42e7672fd,6a854fc3-4b5e-4938-8d41-6a464f5da9cc,2454.15,398,976751.7
57bdd36a-88c0-44c7-8d14-08ed30a1796d,01c5b74a-722e-4da1-9975-29ddfb08175a,a4a4c3db-6ba7-40ca-a4fb-99b4e328eaf3,2676.86,768,2055828.48
0ff091f6-5166-441a-bf88-73223586ff3a,01c5b74a-722e-4da1-9975-29ddfb08175a,26bf1236-8893-44f4-9fca-babcb537d165,2676.29,619,1656623.51
782f8b2c-cc09-41ed-9d9b-197023f60f0c,01c5b74a-722e-4da1-9975-29ddfb08175a,4c62a13f-c3ef-48f2-bfe8-fb3ab0ca8701,327.41,245,80215.45
bf13f322-a9d3-4d87-a140-ca34864ba6b0,c014301f-e1a9-4f7a-a3eb-eb80df9d0728,8f262ab1-a7e5-4d5d-a82d-2e56aaaf8d50,951.66,466,443473.56
fb594ed1-7ccc-4604-8772-ea505f313625,a0fdc47a-0384-4f0d-af31-06c8c36c2cd0,fe881a9f-c827-4dd7-a687-0116c6f50979,1798.98,296,532498.08
6c1df544-a3fd-4fba-aca0-22248ee763c9,a0fdc47a-0384-4f0d-af31-06c8c36c2cd0,09f07748-848a-467c-a053-06a9ecd32d2b,2164.65,711,1539066.15
47f044b6-6dce-4da1-8046-6c1c0cf2a7a6,a0fdc47a-0384-4f0d-af31-06c8c36c2cd0,a4a4c3db-6ba7-40ca-a4fb-99b4e328eaf3,2221.97,508,1128760.76
fb357c6b-2c34-4fe1-a876-d5ebae3519c4,a0fdc47a-0384-4f0d-af31-06c8c36c2cd0,6e4d3016-a937-4168-bb88-be6604601f48,2440.92,145,353933.4
cb485cfd-1bf4-4521-8bf5-db38ac312208,8d35cf28-7819-47bb-83fe-5e507e850398,8f262ab1-a7e5-4d5d-a82d-2e56aaaf8d50,898.31,758,680918.98
5b99d53f-fa74-4efb-bb49-0afb08906ba5,8d35cf28-7819-47bb-83fe-5e507e850398,7df70441-0ae3-42f2-bfa1-74f05ac8079f,956.92,729,697594.68
a21d2bd9-d19b-49b8-8b93-edacff3bc7ec,8d35cf28-7819-47bb-83fe-5e507e850398,a4a4c3db-6ba7-40ca-a4fb-99b4e328eaf3,1870.2,534,998686.8
3ab36865-c9a4-4db3-af14-7ef656244aaa,b2652c98-1d86-4457-9037-cb1559c9b46f,09f07748-848a-467c-a053-06a9ecd32d2b,1733.49,485,840742.65
39c5985f-3c5d-4c41-8fcb-c795719edf46,b2652c98-1d86-4457-9037-cb1559c9b46f,8f262ab1-a7e5-4d5d-a82d-2e56aaaf8d50,2990.9,613,1833421.7
ae153c66-7107-4172-a80a-c2c27d05bf8f,b2652c98-1d86-4457-9037-cb1559c9b46f,a4a4c3db-6ba7-40ca-a4fb-99b4e328eaf3,1193.14,769,917524.66
79f061c1-1782-49cf-a60c-385c85b03ffc,b2652c98-1d86-4457-9037-cb1559c9b46f,38c3ae11-2710-4d26-8bb4-132d5f2b3d8b,1525.11,363,553614.93
874b4a5f-a068-4d3a-a7d7-5b9f55806366,b2652c98-1d86-4457-9037-cb1559c9b46f,7df70441-0ae3-42f2-bfa1-74f05ac8079f,978.79,173,169330.67
4c4907cb-bd0e-4943-9225-d7812aeb17ce,76dba76f-a382-40d3-a7d2-78f685ef8ce8,38c3ae11-2710-4d26-8bb4-132d5f2b3d8b,1151.98,810,933103.8
fe15928e-48d7-4d03-abde-88681cf2e32e,76dba76f-a382-40d3-a7d2-78f685ef8ce8,6e4d3016-a937-4168-bb88-be6604601f48,1746.83,830,1449868.9
9288abac-6eea-42d1-abed-88bc872f4bed,2708e063-b0c6-487a-af72-a5322d2c6c61,09f07748-848a-467c-a053-06a9ecd32d2b,817.16,806,658630.96
01f1a149-dc15-475b-84b3-e523c782443b,2708e063-b0c6-487a-af72-a5322d2c6c61,32bcba03-65de-4f37-92f5-6558e41de80d,1607.34,791,1271405.94
88f9f3ce-84d4-4be8-9e55-bf3739c33e26,6f0f8fa0-c159-4f4c-be07-65c66a046858,93570a8d-d5d2-482f-ab24-c5f502deac52,2936.84,587,1723925.08
16debd5d-907b-49b2-b78f-1a36b3298e61,6f0f8fa0-c159-4f4c-be07-65c66a046858,a4a4c3db-6ba7-40ca-a4fb-99b4e328eaf3,1911.33,152,290522.16
dd2bb45f-b447-45a2-af02-95e7a18e6344,6f0f8fa0-c159-4f4c-be07-65c66a046858,426dfc85-ff2a-4709-a996-d581c10f2f97,2548.1,353,899479.3
772dda5d-c8d2-45f8-a2c6-c4ca3b28c4a4,6f0f8fa0-c159-4f4c-be07-65c66a046858,7df70441-0ae3-42f2-bfa1-74f05ac8079f,914.2,233,213008.6
551cef0a-e8e5-4c2c-8a32-c204865e29ec,6f0f8fa0-c159-4f4c-be07-65c66a046858,bdde90b1-14b3-4e38-acef-202c18341abc,1116.12,775,864993.0
62fc3a42-bbbd-4b7f-8b65-111b03e447cc,5ec89ae6-febf-4399-8294-89df1cae18f1,68d5eeea-58cd-4b2b-aa94-44715b03ee5e,641.77,96,61609.92
949fcbf5-4e18-45ea-b8e0-e8a6eb705330,5ec89ae6-febf-4399-8294-89df1cae18f1,38c3ae11-2710-4d26-8bb4-132d5f2b3d8b,2930.6,616,1805249.6
a5e288b8-7d8e-4dfa-8ec1-935351cdf8cf,5ec89ae6-febf-4399-8294-89df1cae18f1,32bcba03-65de-4f37-92f5-6558e41de80d,1088.77,179,194889.83
86da6474-7bbb-46e7-a84b-7261ad7c3cdd,5ec89ae6-febf-4399-8294-89df1cae18f1,7df70441-0ae3-42f2-bfa1-74f05ac8079f,2022.25,820,1658245.0
89ec11bc-5a8a-48b2-8eb4-6b01eb593f4f,5ec89ae6-febf-4399-8294-89df1cae18f1,09f07748-848a-467c-a053-06a9ecd32d2b,1625.37,943,1532723.91
e856dcfa-f1bc-41e9-8e95-74644e6793c5,4101d295-3a24-497b-9ca9-7d4c4716f364,68d5eeea-58cd-4b2b-aa94-44715b03ee5e,1849.97,530,980484.1
4ee5cc63-2f90-407b-a6f2-750ebc6ffd2b,a2893670-9912-4b2c-859a-5de1aabff034,a4a4c3db-6ba7-40ca-a4fb-99b4e328eaf3,1489.27,238,354446.26
7d7515cc-0f8c-4143-9f81-21326abe7bc6,a2893670-9912-4b2c-859a-5de1aabff034,09f07748-848a-467c-a053-06a9ecd32d2b,2906.84,308,895306.72
aa00d85f-e297-488c-a165-11e0471b25ce,a2893670-9912-4b2c-859a-5de1aabff034,fe881a9f-c827-4dd7-a687-0116c6f50979,2840.87,539,1531228.93
a968e133-19b0-495f-8d15-582838a2b63e,a2893670-9912-4b2c-859a-5de1aabff034,b0272b01-8d79-4ec4-976d-e8ad31bc59cd,608.04,116,70532.64
5700c535-b3b8-49eb-ab09-ea0bedb0cd76,9081fc11-7ec9-4e03-a38a-71389dc1fc69,38c3ae11-2710-4d26-8bb4-132d5f2b3d8b,1627.72,640,1041740.8
ee0f4673-b9bd-4091-af01-24bb528a872c,9081fc11-7ec9-4e03-a38a-71389dc1fc69,a4a4c3db-6ba7-40ca-a4fb-99b4e328eaf3,1999.5,104,207948.0
96c730bb-c52c-401b-9303-e8ea96aba049,9081fc11-7ec9-4e03-a38a-71389dc1fc69,8f262ab1-a7e5-4d5d-a82d-2e56aaaf8d50,709.66,880,624500.8
c6d0456a-4848-4280-ab76-55e211e9a7fc,9081fc11-7ec9-4e03-a38a-71389dc1fc69,eecaca04-a499-4eb5-a151-7c66dedd2170,1819.67,361,656900.87
04fbfec8-d708-4b75-b550-44fb63c71a13,80aef94c-dff2-44c6-ba74-66e10de083e3,68d5eeea-58cd-4b2b-aa94-44715b03ee5e,2983.58,171,510192.18
94feb539-3dc3-4170-a848-6c87ef479119,7c0ebfd1-e11e-42c6-9c75-5818c85f26b8,8f262ab1-a7e5-4d5d-a82d-2e56aaaf8d50,2364.0,670,1583880.0
9db2f9c4-aaad-4328-869f-a87ee7fd95a6,7c0ebfd1-e11e-42c6-9c75-5818c85f26b8,a4a4c3db-6ba7-40ca-a4fb-99b4e328eaf3,1909.54,683,1304215.82
599c3266-0320-4200-9a88-22f453687b0d,7c0ebfd1-e11e-42c6-9c75-5818c85f26b8,6e4d3016-a937-4168-bb88-be6604601f48,909.36,585,531975.6
5a1443fc-ed33-4812-9007-4eca76f32e95,7c0ebfd1-e11e-42c6-9c75-5818c85f26b8,38c3ae11-2710-4d26-8bb4-132d5f2b3d8b,1327.02,980,1300479.6
2177d5de-4032-4f61-ac34-c11ecabb9e2e,7c0ebfd1-e11e-42c6-9c75-5818c85f26b8,09f07748-848a-467c-a053-06a9ecd32d2b,1495.35,930,1390675.5
9428ee48-b724-4ce3-a6e0-a0cc92183e41,4e4621bb-a025-4666-b215-38baee6fff30,09f07748-848a-467c-a053-06a9ecd32d2b,2973.08,362,1076254.96
e877e6a9-9085-4a65-993a-9a23eab580bd,4e4621bb-a025-4666-b215-38baee6fff30,8f262ab1-a7e5-4d5d-a82d-2e56aaaf8d50,1835.3,111,203718.3
3b949751-0a5e-401f-b3c5-74b99ccb2e79,4e4621bb-a025-4666-b215-38baee6fff30,426dfc85-ff2a-4709-a996-d581c10f2f97,1946.0,807,1570422.0
ed664ce3-8a8c-4ab7-94a8-e23d3a82e101,4e4621bb-a025-4666-b215-38baee6fff30,fe881a9f-c827-4dd7-a687-0116c6f50979,567.93,831,471949.83
ed5b1ee5-857b-4324-bf53-f30883f2ad5d,4e4621bb-a025-4666-b215-38baee6fff30,7df70441-0ae3-42f2-bfa1-74f05ac8079f,861.03,266,229033.98
84e902c9-f14b-464b-b0f9-b05d7b66c9cc,6291df7c-fbc1-4be8-bced-9622b8b2514b,f3f1a6e1-0ea0-4634-a8b7-8dd7b6e914a6,2083.16,210,437463.6
6af92fa4-029a-4efa-b2b5-4e4babe0cc8b,6291df7c-fbc1-4be8-bced-9622b8b2514b,36d9fc1c-5d48-4c50-849e-aaa7ca10480d,947.64,615,582798.6
72df6c55-ecbe-4ae3-85e0-c3281a8bbf57,6291df7c-fbc1-4be8-bced-9622b8b2514b,a4a4c3db-6ba7-40ca-a4fb-99b4e328eaf3,502.68,52,26139.36
39ad8a91-4615-4d30-8dc6-a19a133774fc,d881eb1d-b3e5-4267-a264-c58bd91541df,68d5eeea-58cd-4b2b-aa94-44715b03ee5e,1516.36,658,997764.88
e610d760-74d5-439f-9ccc-fd03400d9b51,d881eb1d-b3e5-4267-a264-c58bd91541df,17feba00-e112-4769-813f-6e5e8a62068a,1568.76,83,130207.08
cb49ad0f-c306-4950-9c89-215b7b3c3777,d881eb1d-b3e5-4267-a264-c58bd91541df,09f07748-848a-467c-a053-06a9ecd32d2b,924.99,773,715017.27
325b107e-9866-4af8-9b30-3e483e876cc2,d881eb1d-b3e5-4267-a264-c58bd91541df,a4a4c3db-6ba7-40ca-a4fb-99b4e328eaf3,1063.34,930,988906.2
f9ce1c5a-032a-4c0b-8a6b-b7085e4d45b4,172ff1d9-0822-4f59-b274-303d6736e558,a4a4c3db-6ba7-40ca-a4fb-99b4e328eaf3,492.19,289,142242.91
48c36040-1fb7-49ef-b8c8-60875019acf1,172ff1d9-0822-4f59-b274-303d6736e558,09f07748-848a-467c-a053-06a9ecd32d2b,2794.56,856,2392143.36
dbf23c28-f3fa-4e46-aa57-ac8c1d52f8cb,172ff1d9-0822-4f59-b274-303d6736e558,17feba00-e112-4769-813f-6e5e8a62068a,2436.37,653,1590949.61
0bd2a673-33ad-44d1-8d8c-c5168be86207,172ff1d9-0822-4f59-b274-303d6736e558,6e4d3016-a937-4168-bb88-be6604601f48,2085.19,252,525467.88
6dccd32a-f116-45c0-8161-a886e5a41613,1cb35277-7b54-4a4a-abe7-ad858ccacd7b,36d9fc1c-5d48-4c50-849e-aaa7ca10480d,609.9,280,170772.0
11940227-bea3-4e4b-bcc1-a6b24aabcf53,1cb35277-7b54-4a4a-abe7-ad858ccacd7b,6e4d3016-a937-4168-bb88-be6604601f48,2048.61,980,2007637.8
bb663fd5-d1d4-4f44-ac7c-fb73fdcb3bc3,1cb35277-7b54-4a4a-abe7-ad858ccacd7b,fe881a9f-c827-4dd7-a687-0116c6f50979,1017.21,195,198355.95
9da612dd-c5e3-4324-bd27-fed56dff738d,1cb35277-7b54-4a4a-abe7-ad858ccacd7b,09f07748-848a-467c-a053-06a9ecd32d2b,492.81,219,107925.39
e5951a91-b820-46e1-aecf-a99399cf889e,54a26093-3075-4d78-ad1f-089785e39e58,93570a8d-d5d2-482f-ab24-c5f502deac52,1906.62,894,1704518.28
e5f644d4-76c1-4cfd-ba3d-b8799698477c,54a26093-3075-4d78-ad1f-089785e39e58,b0272b01-8d79-4ec4-976d-e8ad31bc59cd,1836.86,345,633716.7
4230cb55-b9be-4039-96bc-892723134c85,54a26093-3075-4d78-ad1f-089785e39e58,6a854fc3-4b5e-4938-8d41-6a464f5da9cc,1485.71,529,785940.59
35f31408-6531-4ff7-8e1d-0c09c0b1addc,259273be-30e5-44fd-86c0-02171b9fad42,a4a4c3db-6ba7-40ca-a4fb-99b4e328eaf3,2189.28,328,718083.84
4dea114b-f648-4cf6-a3d1-5c7f3a75ea1e,259273be-30e5-44fd-86c0-02171b9fad42,8f262ab1-a7e5-4d5d-a82d-2e56aaaf8d50,1651.27,555,916454.85
3f939ca7-4338-4457-a822-e5255e43b1ff,259273be-30e5-44fd-86c0-02171b9fad42,09f07748-848a-467c-a053-06a9ecd32d2b,1481.95,662,981050.9
414e2681-9387-4dfa-8157-95be1f97d6b0,07a623ae-5f20-4b79-90fb-587e03c1cbab,f3f1a6e1-0ea0-4634-a8b7-8dd7b6e914a6,2701.44,802,2166554.88
36e040ec-c8a0-46a8-9ee6-3e6de6ab0f6a,ce0ead2c-307c-41a3-ad3f-5765822b718b,b0272b01-8d79-4ec4-976d-e8ad31bc59cd,1930.03,76,146682.28
e3e972d3-bde6-4602-96ab-120df0497af5,ce0ead2c-307c-41a3-ad3f-5765822b718b,8f262ab1-a7e5-4d5d-a82d-2e56aaaf8d50,546.58,740,404469.2
5cc0eb08-3329-4513-a2de-19d77b9e55a9,ce0ead2c-307c-41a3-ad3f-5765822b718b,6a854fc3-4b5e-4938-8d41-6a464f5da9cc,2557.09,639,1633980.51
4f95af6b-8bde-4d0c-8606-88a0b4cc7c06,8325eb26-5089-4041-9c0d-abb3929f42bb,a4a4c3db-6ba7-40ca-a4fb-99b4e328eaf3,2867.12,833,2388310.96
52a6f063-109f-4197-be77-82da213ddd9a,8325eb26-5089-4041-9c0d-abb3929f42bb,38c3ae11-2710-4d26-8bb4-132d5f2b3d8b,2115.16,325,687427.0
c017e632-23cd-4a5c-ada8-1329d0cf1c43,8325eb26-5089-4041-9c0d-abb3929f42bb,eecaca04-a499-4eb5-a151-7c66dedd2170,1855.87,831,1542227.97
5317203b-fb7b-406b-bd20-8e74e3940727,8325eb26-5089-4041-9c0d-abb3929f42bb,426dfc85-ff2a-4709-a996-d581c10f2f97,2341.93,531,1243564.83
bf6e6661-dad0-4dae-9dcc-8d97c27cc61f,8325eb26-5089-4041-9c0d-abb3929f42bb,6a854fc3-4b5e-4938-8d41-6a464f5da9cc,1701.2,502,854002.4
75bdea25-cb3b-422f-95de-6a3dd2b88fd6,35dff623-e040-43f4-8178-b4719fb4f993,68d5eeea-58cd-4b2b-aa94-44715b03ee5e,790.02,649,512722.98
26b9d38b-0062-40fc-937e-025b5fb5b6cb,35dff623-e040-43f4-8178-b4719fb4f993,ce5228e4-3525-49f0-a480-35790461380b,1476.89,883,1304093.87
e4581298-4cfe-419a-bafe-0b0206d19417,35dff623-e040-43f4-8178-b4719fb4f993,6a854fc3-4b5e-4938-8d41-6a464f5da9cc,1627.66,143,232755.38
b8db67ef-4c52-4dee-9e45-031bbe8d798c,e79d7f4e-8d17-4a4e-9318-7efca641b153,36d9fc1c-5d48-4c50-849e-aaa7ca10480d,1239.49,391,484640.59
88e797e2-25b2-4251-8913-e365497a6bc3,e79d7f4e-8d17-4a4e-9318-7efca641b153,26bf1236-8893-44f4-9fca-babcb537d165,1166.86,157,183197.02
68c6b046-d36a-495d-96e5-7af661ac4a47,e79d7f4e-8d17-4a4e-9318-7efca641b153,a4a4c3db-6ba7-40ca-a4fb-99b4e328eaf3,2615.88,387,1012345.56
8c9f4f82-b8ce-40ec-83ac-5b41638b306f,e79d7f4e-8d17-4a4e-9318-7efca641b153,7df70441-0ae3-42f2-bfa1-74f05ac8079f,1411.44,557,786172.08
68280e18-e7c7-4b9e-8c79-98050951d168,6e85b3d0-ea93-4d7c-9970-7078e3591cd1,93570a8d-d5d2-482f-ab24-c5f502deac52,2088.98,460,960930.8
e6bcaeda-23b5-4b57-8f30-4e314507868f,6e85b3d0-ea93-4d7c-9970-7078e3591cd1,a4a4c3db-6ba7-40ca-a4fb-99b4e328eaf3,2496.63,613,1530434.19
9bcd5d87-89f2-4f7f-bcf3-9be576c6cf71,6e85b3d0-ea93-4d7c-9970-7078e3591cd1,38c3ae11-2710-4d26-8bb4-132d5f2b3d8b,399.08,140,55871.2
17645da5-88cd-4e13-9ee2-bf2b5dac0de7,5aff4d72-0e87-4caa-b4da-f59db9724104,09f07748-848a-467c-a053-06a9ecd32d2b,981.48,168,164888.64
7c1eb4c2-3c72-4e1e-b355-778e40bc1ec7,5aff4d72-0e87-4caa-b4da-f59db9724104,a4a4c3db-6ba7-40ca-a4fb-99b4e328eaf3,2919.5,463,1351728.5
3b65965c-a8ce-44a4-97a0-b036bb5da442,5aff4d72-0e87-4caa-b4da-f59db9724104,38c3ae11-2710-4d26-8bb4-132d5f2b3d8b,2635.26,894,2355922.44
cb704b36-6e5a-4e68-ae0f-339d4bd5083d,c79b0746-4d88-459e-90b8-184be9ad9023,a4a4c3db-6ba7-40ca-a4fb-99b4e328eaf3,2075.68,605,1255786.4
400130a0-beef-4d55-a2e5-7295a2c3a1ca,1e381341-d90c-42bb-a68e-815a08ce1b7f,68d5eeea-58cd-4b2b-aa94-44715b03ee5e,1415.77,242,342616.34
8b34f3a6-c73e-428c-981a-9b6351d93b00,1e381341-d90c-42bb-a68e-815a08ce1b7f,b0272b01-8d79-4ec4-976d-e8ad31bc59cd,1699.79,687,1167755.73
850f03ce-e4d6-41d1-a185-0d030be61dde,1e381341-d90c-42bb-a68e-815a08ce1b7f,6a854fc3-4b5e-4938-8d41-6a464f5da9cc,2342.4,690,1616256.0
bfd37faa-9a9b-4109-9179-b7e8e3856eba,1e381341-d90c-42bb-a68e-815a08ce1b7f,6df92470-cc22-47d9-b1e1-56d70c6fe31c,1493.51,102,152338.02
46e1b261-5e01-4527-9ac8-116f743bbade,d7646298-da98-4491-8f9d-9c7a39a019a8,b0272b01-8d79-4ec4-976d-e8ad31bc59cd,1021.05,184,187873.2
5bd8c084-69ce-49ea-9413-964efa76c159,d7646298-da98-4491-8f9d-9c7a39a019a8,fe881a9f-c827-4dd7-a687-0116c6f50979,2804.72,498,1396750.56
72c65b78-0a57-49ab-8085-51254609bbf7,c0c140b8-8db4-498b-a380-6e798bebf4e8,09f07748-848a-467c-a053-06a9ecd32d2b,627.85,695,436355.75
d71a7567-decc-49cf-89a2-6d362c494157,c0c140b8-8db4-498b-a380-6e798bebf4e8,6e4d3016-a937-4168-bb88-be6604601f48,1943.95,295,573465.25
8993f8b4-2c47-4243-82d0-fbac8f48018b,c0c140b8-8db4-498b-a380-6e798bebf4e8,7df70441-0ae3-42f2-bfa1-74f05ac8079f,2216.41,368,815638.88
9a3a88e2-d534-4267-bca3-e0026a9c3bfc,c0c140b8-8db4-498b-a380-6e798bebf4e8,426dfc85-ff2a-4709-a996-d581c10f2f97,1787.27,615,1099171.05
01a86202-5398-447e-9736-ca5721e55b86,7dc7bf71-7250-4841-b1d7-cdfa1e6b0546,38c3ae11-2710-4d26-8bb4-132d5f2b3d8b,551.66,911,502562.26
ab2bdd52-a121-4bf1-8b19-2321f34883d9,7dc7bf71-7250-4841-b1d7-cdfa1e6b0546,36d9fc1c-5d48-4c50-849e-aaa7ca10480d,2764.91,522,1443283.02
ab339e50-c2e5-43fd-83b2-f8a243cd81c9,7dc7bf71-7250-4841-b1d7-cdfa1e6b0546,1b662a26-3ed2-4697-b4a9-31a6e852ea76,2857.06,713,2037083.78
0f18a1e3-5686-49e7-b4f9-fc99d3970990,7dc7bf71-7250-4841-b1d7-cdfa1e6b0546,4c62a13f-c3ef-48f2-bfe8-fb3ab0ca8701,2546.79,560,1426202.4
0c1b4687-f377-44f2-ac38-2e84c6e65a63,5619787a-4d40-44f0-ae36-587815f1ec53,8f262ab1-a7e5-4d5d-a82d-2e56aaaf8d50,1673.95,329,550729.55
4b18fcc7-f51e-49af-b6a0-0336abd3ef9e,5619787a-4d40-44f0-ae36-587815f1ec53,09f07748-848a-467c-a053-06a9ecd32d2b,1421.82,544,773470.08
15d94968-581b-483e-bf72-a6cc63244908,5619787a-4d40-44f0-ae36-587815f1ec53,7df70441-0ae3-42f2-bfa1-74f05ac8079f,2946.66,299,881051.34
19538e82-5bb9-4a34-8fb1-2af35b805811,3f6cc52b-dccd-4185-bd15-028f2bfd1c3d,38c3ae11-2710-4d26-8bb4-132d5f2b3d8b,1788.42,442,790481.64
675bb2c6-f294-4552-9fb5-edcb4c0e71a4,3f6cc52b-dccd-4185-bd15-028f2bfd1c3d,32bcba03-65de-4f37-92f5-6558e41de80d,814.65,663,540112.95
55fa9d71-8757-4645-a0f9-1a13b252f067,3f6cc52b-dccd-4185-bd15-028f2bfd1c3d,a4a4c3db-6ba7-40ca-a4fb-99b4e328eaf3,1672.25,950,1588637.5
d2c91d49-27f5-453d-b77f-8c721b02f870,3f6cc52b-dccd-4185-bd15-028f2bfd1c3d,17feba00-e112-4769-813f-6e5e8a62068a,668.57,121,80896.97
7f2cdbc7-04e3-486b-9784-570d60606d43,b590b56e-a372-42d4-b4b5-56ce35e189c9,f3f1a6e1-0ea0-4634-a8b7-8dd7b6e914a6,2386.22,924,2204867.28
804afd93-b40b-46f5-9f57-367d2ca3446e,b590b56e-a372-42d4-b4b5-56ce35e189c9,36d9fc1c-5d48-4c50-849e-aaa7ca10480d,1420.34,856,1215811.04
bfcf6ea8-e0d4-4bbe-b130-9f0bcfee9a46,b590b56e-a372-42d4-b4b5-56ce35e189c9,26bf1236-8893-44f4-9fca-babcb537d165,1670.89,890,1487092.1
ca071470-20aa-4222-ba99-c4a1d2ea51a5,96dc2afc-eeee-47fc-8c8a-5313317e735b,fe881a9f-c827-4dd7-a687-0116c6f50979,1063.67,355,377602.85
7f506baf-989f-448b-b344-9fefbdbf8312,0e4802c2-1f8f-48ca-8572-2849964de3ac,6a854fc3-4b5e-4938-8d41-6a464f5da9cc,1865.79,725,1352697.75
2e3d8040-c0ff-4d41-bb03-fe90175b3cd8,0e4802c2-1f8f-48ca-8572-2849964de3ac,6df92470-cc22-47d9-b1e1-56d70c6fe31c,1622.03,202,327650.06
1a01506e-79f8-432a-85d3-22622e899f01,0e4802c2-1f8f-48ca-8572-2849964de3ac,38c3ae11-2710-4d26-8bb4-132d5f2b3d8b,1505.68,545,820595.6
afef55e9-f44c-43e1-9ebb-f8f708d2c9b3,0e4802c2-1f8f-48ca-8572-2849964de3ac,ce5228e4-3525-49f0-a480-35790461380b,1231.83,615,757575.45
c2add270-9c40-43ea-88c0-d1f83713df57,0e4802c2-1f8f-48ca-8572-2849964de3ac,26bf1236-8893-44f4-9fca-babcb537d165,2359.76,436,1028855.36
a076453e-ca36-4483-84c6-5269975bd650,c439c6e8-50fd-4beb-9767-f8ab1692e841,f3f1a6e1-0ea0-4634-a8b7-8dd7b6e914a6,2818.7,940,2649578.0
862876a6-ff55-4080-9197-e20ac1abf978,c439c6e8-50fd-4beb-9767-f8ab1692e841,fe881a9f-c827-4dd7-a687-0116c6f50979,809.36,764,618351.04
98bcbfc0-f766-476b-9a7d-aa8cfaa66daf,c439c6e8-50fd-4beb-9767-f8ab1692e841,426dfc85-ff2a-4709-a996-d581c10f2f97,944.77,442,417588.34
f10f9f3c-c023-4c92-bcdc-76578d8f235b,c439c6e8-50fd-4beb-9767-f8ab1692e841,6e4d3016-a937-4168-bb88-be6604601f48,930.62,844,785443.28
5fa21e66-6390-4580-81b0-de3576b4b95c,f3201839-86a0-4ceb-9b52-b1b89b8dd606,7df70441-0ae3-42f2-bfa1-74f05ac8079f,417.85,812,339294.2
a115eae0-af74-4f85-9004-06ed856a7c5d,f3201839-86a0-4ceb-9b52-b1b89b8dd606,eecaca04-a499-4eb5-a151-7c66dedd2170,1577.04,985,1553384.4
f1bc6c43-fa18-4fb4-aae0-7bd31b1e8ebe,f3201839-86a0-4ceb-9b52-b1b89b8dd606,a4a4c3db-6ba7-40ca-a4fb-99b4e328eaf3,2490.8,445,1108406.0
e5222dcf-52f7-40c4-aabd-16783fca6b40,f3201839-86a0-4ceb-9b52-b1b89b8dd606,fe881a9f-c827-4dd7-a687-0116c6f50979,2968.72,861,2556067.92
808d1ef4-1e5f-4939-b36b-cd8ce1e9cce2,62742e55-7301-4179-8d18-88b28de7bfbb,36d9fc1c-5d48-4c50-849e-aaa7ca10480d,1637.39,87,142452.93
f5325964-0c95-4149-b5cb-c52ebf7e8e20,62742e55-7301-4179-8d18-88b28de7bfbb,b0272b01-8d79-4ec4-976d-e8ad31bc59cd,640.86,654,419122.44
2d78aaee-0a9a-4eb6-8a33-bb2cc28f1593,146861a4-f278-41f2-8c43-cb5a06b6b59a,09f07748-848a-467c-a053-06a9ecd32d2b,2648.19,945,2502539.55
8480bb84-3432-46d9-9152-b19a6f19a839,146861a4-f278-41f2-8c43-cb5a06b6b59a,f3f1a6e1-0ea0-4634-a8b7-8dd7b6e914a6,2581.61,152,392404.72
de82d7b4-01be-49cf-bb05-b113c48b7efb,146861a4-f278-41f2-8c43-cb5a06b6b59a,ce5228e4-3525-49f0-a480-35790461380b,1720.07,517,889276.19
eee91d4a-5a92-48e1-ab2e-7e37e3c58acf,b8f4790e-43ee-4b2b-95c8-986a274bc8a1,a4a4c3db-6ba7-40ca-a4fb-99b4e328eaf3,2250.6,469,1055531.4
1179bf7e-3711-4f55-92bb-be4a28812a95,fe4f0d67-4a6e-4ab5-8353-b64379ecd28e,7df70441-0ae3-42f2-bfa1-74f05ac8079f,502.04,850,426734.0
88689911-02f0-4fee-b548-ad72e2848dd8,fe4f0d67-4a6e-4ab5-8353-b64379ecd28e,6df92470-cc22-47d9-b1e1-56d70c6fe31c,2916.85,396,1155072.6
f4d158d2-9b18-4c70-b7d2-e203859fe18b,553fb52c-5176-4c92-9b31-159e2599ead5,4c62a13f-c3ef-48f2-bfe8-fb3ab0ca8701,2170.3,715,1551764.5
852a3447-f62e-4db8-bf8a-8fcf64e95423,553fb52c-5176-4c92-9b31-159e2599ead5,1b662a26-3ed2-4697-b4a9-31a6e852ea76,516.85,386,199504.1
88ea2a34-b7ad-4da2-8a7f-abcf536c77dc,553fb52c-5176-4c92-9b31-159e2599ead5,09f07748-848a-467c-a053-06a9ecd32d2b,2601.32,929,2416626.28
94ca7ce6-7ebd-47e3-8ae7-e72baa2bd0e0,553fb52c-5176-4c92-9b31-159e2599ead5,38c3ae11-2710-4d26-8bb4-132d5f2b3d8b,1740.78,374,651051.72
059d0b53-2b3c-426d-a4ba-03fd721cfada,553fb52c-5176-4c92-9b31-159e2599ead5,26bf1236-8893-44f4-9fca-babcb537d165,1992.36,958,1908680.88
62e9cce4-3611-4c7f-ad9d-cafa8c84a527,3e04bd7d-6131-4f3e-90a8-76a5a31ccb03,fe881a9f-c827-4dd7-a687-0116c6f50979,2655.43,86,228366.98
cdb189e0-a582-49fc-af33-dd782481d95f,3e04bd7d-6131-4f3e-90a8-76a5a31ccb03,09f07748-848a-467c-a053-06a9ecd32d2b,1967.14,290,570470.6
ac906e5f-5f50-41af-966a-4af2565e9e30,3e04bd7d-6131-4f3e-90a8-76a5a31ccb03,a4a4c3db-6ba7-40ca-a4fb-99b4e328eaf3,2004.13,993,1990101.09
eb243b81-b10b-4ad0-b7e9-21b20a6b8ff6,3e04bd7d-6131-4f3e-90a8-76a5a31ccb03,7df70441-0ae3-42f2-bfa1-74f05ac8079f,1075.92,282,303409.44
9608bff6-4528-47fe-9124-d05eb82fd24e,3c6dbfd4-7316-448b-b026-6e55986ff1d2,09f07748-848a-467c-a053-06a9ecd32d2b,1471.72,150,220758.0
6c483b07-28bd-4e4d-a985-c53bdede09f8,55343064-37a4-48fe-8276-ec384c0eebbd,7df70441-0ae3-42f2-bfa1-74f05ac8079f,1497.93,760,1138426.8
83b86d6d-bf36-4faf-82f6-a0bbf9962feb,944aff32-41ad-418f-91a1-c98fb788d0e6,26bf1236-8893-44f4-9fca-babcb537d165,2739.24,97,265706.28
e23a729d-f2a9-49f7-a7aa-9f93863457a5,944aff32-41ad-418f-91a1-c98fb788d0e6,b8805e54-6204-4043-9fca-5c5b094d2009,1175.81,107,125811.67
4b202a78-28c1-48d1-afbc-2f25e5714665,944aff32-41ad-418f-91a1-c98fb788d0e6,eecaca04-a499-4eb5-a151-7c66dedd2170,1092.09,433,472874.97
a41d3a0f-c20a-4557-8a03-783e8562d5c4,b88e5af6-26fe-486e-a8bf-c0a24fdca9ac,eecaca04-a499-4eb5-a151-7c66dedd2170,693.04,593,410972.72
eddd6f8b-9c69-4b50-93e9-214eb91b69f3,b88e5af6-26fe-486e-a8bf-c0a24fdca9ac,b0272b01-8d79-4ec4-976d-e8ad31bc59cd,1412.54,748,1056579.92
838e4dfa-eb29-4c45-aa43-7c5833d12d57,b88e5af6-26fe-486e-a8bf-c0a24fdca9ac,a4a4c3db-6ba7-40ca-a4fb-99b4e328eaf3,2439.8,224,546515.2
3d07af86-e855-44e3-ad88-8a234caa645e,b88e5af6-26fe-486e-a8bf-c0a24fdca9ac,68d5eeea-58cd-4b2b-aa94-44715b03ee5e,772.69,674,520793.06
18fa15b3-400a-4eb7-b82d-5decb14162c7,329ae67f-5969-46f5-834e-6637a329d348,a4a4c3db-6ba7-40ca-a4fb-99b4e328eaf3,1973.22,296,584073.12
ac1b01f4-da6e-428c-83c4-a6f4979c51c2,329ae67f-5969-46f5-834e-6637a329d348,f3f1a6e1-0ea0-4634-a8b7-8dd7b6e914a6,1643.7,647,1063473.9
fceac4ef-5a9d-40b9-b398-7faa4eb7513f,329ae67f-5969-46f5-834e-6637a329d348,8f262ab1-a7e5-4d5d-a82d-2e56aaaf8d50,686.42,522,358311.24
5f494073-7a61-4487-83c9-eec2bef7bc16,329ae67f-5969-46f5-834e-6637a329d348,b8805e54-6204-4043-9fca-5c5b094d2009,2022.34,520,1051616.8
3f517ea7-17d7-4c4b-b613-9ab69d8c33ff,da5c21d7-fe47-4098-8e4c-d397d5ded109,a4a4c3db-6ba7-40ca-a4fb-99b4e328eaf3,2100.47,970,2037455.9
00f8eb60-e455-4c98-90c0-1dee69ae4bd9,da5c21d7-fe47-4098-8e4c-d397d5ded109,eecaca04-a499-4eb5-a151-7c66dedd2170,2472.51,972,2403279.72
a1be56dc-f302-4f86-9d8a-f90569f8ac42,da5c21d7-fe47-4098-8e4c-d397d5ded109,6e4d3016-a937-4168-bb88-be6604601f48,1076.61,609,655655.49
6774723d-4607-405f-81c7-657a1b6a13c8,d56e5bbb-5c03-4cab-98b8-b45b7785b6b5,6e4d3016-a937-4168-bb88-be6604601f48,499.43,403,201270.29
e692fb85-47f7-482b-be14-efa1045fdbb8,d56e5bbb-5c03-4cab-98b8-b45b7785b6b5,b0272b01-8d79-4ec4-976d-e8ad31bc59cd,2966.66,356,1056130.96
45c05f29-9cfa-423a-b569-2ffa601e6a1b,24751d19-1d4b-4113-ae0a-776f604f6691,426dfc85-ff2a-4709-a996-d581c10f2f97,2163.85,517,1118710.45
69a7d246-08d7-4b80-a5ef-ad8c3044eced,24751d19-1d4b-4113-ae0a-776f604f6691,09f07748-848a-467c-a053-06a9ecd32d2b,2582.32,253,653326.96
b3883184-c7e5-4725-b4e4-49b8572769b2,24751d19-1d4b-4113-ae0a-776f604f6691,a4a4c3db-6ba7-40ca-a4fb-99b4e328eaf3,2998.31,923,2767440.13
29c9ff1a-2535-4964-85d5-1f9dab0ae22e,24751d19-1d4b-4113-ae0a-776f604f6691,8f262ab1-a7e5-4d5d-a82d-2e56aaaf8d50,1604.66,292,468560.72
2ff0ace0-54ac-419c-8e3f-5785d4bc2762,f966092f-9227-4dd3-b036-847be9d68a78,4c62a13f-c3ef-48f2-bfe8-fb3ab0ca8701,1844.19,638,1176593.22
6addbe96-38b6-4b29-b799-07c487b598f0,f966092f-9227-4dd3-b036-847be9d68a78,b0272b01-8d79-4ec4-976d-e8ad31bc59cd,1098.86,766,841726.76
e8a7aa92-5b22-4227-9d90-949009d1fbd9,f966092f-9227-4dd3-b036-847be9d68a78,38c3ae11-2710-4d26-8bb4-132d5f2b3d8b,1097.12,899,986310.88
1add28d5-2b5b-4e32-a33b-d57414db9a8c,f966092f-9227-4dd3-b036-847be9d68a78,a4a4c3db-6ba7-40ca-a4fb-99b4e328eaf3,2077.22,331,687559.82
218d534b-448c-49de-afee-27c118783197,8064d6aa-a79c-4bb4-abf0-e231c928ad5f,fe881a9f-c827-4dd7-a687-0116c6f50979,1828.01,752,1374663.52
19afaf54-d602-4faf-93f3-824c4de90a92,92852676-96ed-4f52-8caf-6a6b19dffbb5,6df92470-cc22-47d9-b1e1-56d70c6fe31c,2758.67,813,2242798.71
36346cb9-dc9a-48ed-ab38-a1912750e339,486293ac-5b6c-4b70-9bd4-45e7acfac078,a4a4c3db-6ba7-40ca-a4fb-99b4e328eaf3,2548.67,974,2482404.58
b5c48dfd-85c5-4cf6-8434-fdf582f9d2eb,486293ac-5b6c-4b70-9bd4-45e7acfac078,6e4d3016-a937-4168-bb88-be6604601f48,1072.72,868,931120.96
fcc838fe-c061-438a-a468-0cb484b6c050,486293ac-5b6c-4b70-9bd4-45e7acfac078,68d5eeea-58cd-4b2b-aa94-44715b03ee5e,921.32,871,802469.72
e84bcb71-44e9-45b0-9258-27c8a88cf556,486293ac-5b6c-4b70-9bd4-45e7acfac078,09f07748-848a-467c-a053-06a9ecd32d2b,1251.27,701,877140.27
5d8e470d-7b35-4780-a722-1ffcadcc3594,f33638dd-4285-41b9-a566-fd43b0029ef3,8f262ab1-a7e5-4d5d-a82d-2e56aaaf8d50,1976.41,744,1470449.04
14c9d39b-8703-4acf-8712-a07349e1a637,f33638dd-4285-41b9-a566-fd43b0029ef3,7df70441-0ae3-42f2-bfa1-74f05ac8079f,2340.06,835,1953950.1
4acbc022-3c3b-4222-bd4c-0b9da887c36e,4bb5b25c-0b43-429d-aadf-5986c5c4b866,a4a4c3db-6ba7-40ca-a4fb-99b4e328eaf3,1996.27,975,1946363.25
a2cbc7d7-fbbb-4b63-a358-da3bcddbc28b,4bb5b25c-0b43-429d-aadf-5986c5c4b866,426dfc85-ff2a-4709-a996-d581c10f2f97,1994.14,90,179472.6
14e9e292-123a-4ea6-aceb-a7c93e3daba9,19231f11-4723-4778-810e-bcccd721e522,a4a4c3db-6ba7-40ca-a4fb-99b4e328eaf3,2429.25,84,204057.0
56550fa5-c588-4fb4-839e-809d901ce37b,19231f11-4723-4778-810e-bcccd721e522,426dfc85-ff2a-4709-a996-d581c10f2f97,1864.85,799,1490015.15
fc5588af-9054-45c2-841c-94a0c3395d3c,19231f11-4723-4778-810e-bcccd721e522,36d9fc1c-5d48-4c50-849e-aaa7ca10480d,654.81,981,642368.61
91078223-d7b1-4dfd-a73b-6173c6600835,225fba95-d8ad-42b0-9b4c-45445f820377,09f07748-848a-467c-a053-06a9ecd32d2b,1182.14,475,561516.5
65854cee-b1d8-42d8-8c39-6e8fa047c41f,225fba95-d8ad-42b0-9b4c-45445f820377,6e4d3016-a937-4168-bb88-be6604601f48,774.23,185,143232.55
fb4e20f8-b5f7-46e8-b195-e1ad3b11c7a0,225fba95-d8ad-42b0-9b4c-45445f820377,38c3ae11-2710-4d26-8bb4-132d5f2b3d8b,2423.58,947,2295130.26
f8cb7750-8346-478b-a495-8b6f8dd35a20,67f0f85e-078b-432f-b278-01fb07f85536,09f07748-848a-467c-a053-06a9ecd32d2b,1733.3,985,1707300.5
47cb7f3e-a2e5-423b-92c6-089c966e5b96,67f0f85e-078b-432f-b278-01fb07f85536,26bf1236-8893-44f4-9fca-babcb537d165,1035.82,218,225808.76
21fc300a-9a15-4f3a-bf8f-41d3d02d4f7e,67f0f85e-078b-432f-b278-01fb07f85536,426dfc85-ff2a-4709-a996-d581c10f2f97,993.82,894,888475.08
9999b55a-65e1-4a06-a4a5-717eab7436d7,11bdd51c-77da-416b-99a4-9c5e329edb6a,26bf1236-8893-44f4-9fca-babcb537d165,2911.94,352,1025002.88
470f1d82-8be4-4e3b-b2ed-dc196d795274,11bdd51c-77da-416b-99a4-9c5e329edb6a,09f07748-848a-467c-a053-06a9ecd32d2b,2315.71,396,917021.16
d36ddaf0-eec9-4293-9dd3-984a4a575762,11bdd51c-77da-416b-99a4-9c5e329edb6a,f3f1a6e1-0ea0-4634-a8b7-8dd7b6e914a6,2471.43,529,1307386.47
b068b3f9-7032-47ed-bb11-1c5337819840,11bdd51c-77da-416b-99a4-9c5e329edb6a,7df70441-0ae3-42f2-bfa1-74f05ac8079f,2899.81,194,562563.14
a1c6d96c-5f55-434a-9d05-6d2ca383ac6b,9496caab-cfc3-4d34-9b11-665c2f156698,09f07748-848a-467c-a053-06a9ecd32d2b,2622.38,791,2074302.58
63726a1c-4c9e-4437-87ef-b5f67c06036e,9496caab-cfc3-4d34-9b11-665c2f156698,26bf1236-8893-44f4-9fca-babcb537d165,2120.9,456,967130.4
00affe34-6f8c-4237-9f56-412d7a94a357,e0bb19c9-eb0d-4610-885a-be7ff5f8b3ff,ce5228e4-3525-49f0-a480-35790461380b,1287.59,859,1106039.81
f9b29ee7-d160-4e95-b5eb-194163cdc2e9,e0bb19c9-eb0d-4610-885a-be7ff5f8b3ff,38c3ae11-2710-4d26-8bb4-132d5f2b3d8b,1365.35,320,436912.0
ff03e130-1b23-4f4a-897c-5d966b047516,e0bb19c9-eb0d-4610-885a-be7ff5f8b3ff,68d5eeea-58cd-4b2b-aa94-44715b03ee5e,1748.75,515,900606.25
c15ebb72-c2d4-4a45-a8be-00df08205f0a,e0bb19c9-eb0d-4610-885a-be7ff5f8b3ff,7df70441-0ae3-42f2-bfa1-74f05ac8079f,1295.18,816,1056866.88
8b38c193-1ac9-4794-92cc-bffb1f1267eb,e0bb19c9-eb0d-4610-885a-be7ff5f8b3ff,09f07748-848a-467c-a053-06a9ecd32d2b,2115.32,648,1370727.36
28251b3b-e8c0-4a0d-951d-0c1b2fe8c450,db39bc8e-4ed0-44b4-9874-cfee683b2b76,fe881a9f-c827-4dd7-a687-0116c6f50979,2520.53,430,1083827.9
e9527072-0902-456f-b028-a5eb16d253a1,db39bc8e-4ed0-44b4-9874-cfee683b2b76,f3f1a6e1-0ea0-4634-a8b7-8dd7b6e914a6,592.53,289,171241.17
2dca0290-1385-43d2-8895-3f99aa601820,db39bc8e-4ed0-44b4-9874-cfee683b2b76,38c3ae11-2710-4d26-8bb4-132d5f2b3d8b,1572.99,684,1075925.16
065ae89e-84b0-4ccf-ad5a-4dc6e925a463,db39bc8e-4ed0-44b4-9874-cfee683b2b76,32bcba03-65de-4f37-92f5-6558e41de80d,2687.43,624,1676956.32
13a7dd68-ce16-418c-a96e-40a78cda7a0a,93e54814-f4b1-4e98-b8b8-46470a69dd64,6e4d3016-a937-4168-bb88-be6604601f48,2771.19,276,764848.44
9bca20e3-fc93-4df4-8498-3ad13b87aff9,93e54814-f4b1-4e98-b8b8-46470a69dd64,fe881a9f-c827-4dd7-a687-0116c6f50979,2048.66,700,1434062.0
4ba392ba-60c5-4293-a1ba-6b94487c2188,93e54814-f4b1-4e98-b8b8-46470a69dd64,93570a8d-d5d2-482f-ab24-c5f502deac52,2524.41,981,2476446.21
e0257317-88b5-4955-a21e-5a604ae1b6a2,b267e5e4-4440-4e7f-b6b6-c0e603decc96,1b662a26-3ed2-4697-b4a9-31a6e852ea76,2052.95,169,346948.55
7d0aee15-8f43-44e5-b9c1-fd8c5d0987b8,b267e5e4-4440-4e7f-b6b6-c0e603decc96,7df70441-0ae3-42f2-bfa1-74f05ac8079f,677.4,88,59611.2
3be54569-9798-4223-8315-cd509ed3cdec,b267e5e4-4440-4e7f-b6b6-c0e603decc96,a4a4c3db-6ba7-40ca-a4fb-99b4e328eaf3,1121.78,554,621466.12
5a834d8d-dbea-4df2-ac90-6fe5fa14eb54,b612ae25-d7a7-4c45-9a03-031140d149c4,6e4d3016-a937-4168-bb88-be6604601f48,562.42,958,538798.36
f4b50ef8-5680-4bf6-9a1d-0b18b1834d31,915150d4-8643-47e5-976b-ad41719f4e3c,8f262ab1-a7e5-4d5d-a82d-2e56aaaf8d50,666.29,514,342473.06
b73e216b-5def-4c66-9c1d-07cc3a5fb6b8,915150d4-8643-47e5-976b-ad41719f4e3c,f3f1a6e1-0ea0-4634-a8b7-8dd7b6e914a6,1301.73,810,1054401.3
533d61db-ced6-407d-b7f2-ea36d53b6e52,915150d4-8643-47e5-976b-ad41719f4e3c,38c3ae11-2710-4d26-8bb4-132d5f2b3d8b,2180.51,603,1314847.53
b967998b-b3ec-464f-993e-d174e788bba0,915150d4-8643-47e5-976b-ad41719f4e3c,a4a4c3db-6ba7-40ca-a4fb-99b4e328eaf3,1431.64,810,1159628.4
6c03da82-1f18-4a93-b766-26b67d4fd8c7,915150d4-8643-47e5-976b-ad41719f4e3c,fe881a9f-c827-4dd7-a687-0116c6f50979,2261.82,956,2162299.92
8bb516e2-4a58-4b56-b78f-6ef0b81a3856,e8a9f864-45f3-42dc-a659-55afd28f5883,b0272b01-8d79-4ec4-976d-e8ad31bc59cd,2068.29,903,1867665.87
a416a3db-2ca3-4262-a6ab-9b95cbea47fc,e8a9f864-45f3-42dc-a659-55afd28f5883,09f07748-848a-467c-a053-06a9ecd32d2b,1621.24,467,757119.08
7c17f257-c53d-446b-bfd2-823598d1fe19,e8a9f864-45f3-42dc-a659-55afd28f5883,a4a4c3db-6ba7-40ca-a4fb-99b4e328eaf3,2835.44,336,952707.84
2347aafd-6edd-4c3c-9950-cf6e94f2d201,e8a9f864-45f3-42dc-a659-55afd28f5883,6a854fc3-4b5e-4938-8d41-6a464f5da9cc,388.33,429,166593.57
a8b40aef-ef89-4113-8986-fdc0a27fd5f0,12732e30-2745-4a94-a27c-49a6f0830cc0,f3f1a6e1-0ea0-4634-a8b7-8dd7b6e914a6,1497.13,291,435664.83
b9555729-4022-4298-aae9-b4c2413e7b26,12732e30-2745-4a94-a27c-49a6f0830cc0,6df92470-cc22-47d9-b1e1-56d70c6fe31c,2609.72,151,394067.72
ff0d1fc7-a99c-47a2-bee0-cf56a5521bb0,199c20ec-1af8-4d64-9f5a-185cb7c0735b,6e4d3016-a937-4168-bb88-be6604601f48,1770.06,710,1256742.6
8b6abb44-68c6-471a-b93d-926aff5ca1f3,199c20ec-1af8-4d64-9f5a-185cb7c0735b,26bf1236-8893-44f4-9fca-babcb537d165,1268.42,457,579667.94
adfe14c3-9e85-426e-8fb0-e784a5670769,199c20ec-1af8-4d64-9f5a-185cb7c0735b,8f262ab1-a7e5-4d5d-a82d-2e56aaaf8d50,1044.88,175,182854.0
a404cc6f-69a6-4fa8-ba46-256eb1814d62,6c1daa89-9023-4208-ad0b-2ae86c081725,6a854fc3-4b5e-4938-8d41-6a464f5da9cc,547.52,267,146187.84
52deecc6-eff8-45d1-a525-a0e55dfe415e,6c1daa89-9023-4208-ad0b-2ae86c081725,26bf1236-8893-44f4-9fca-babcb537d165,2032.6,661,1343548.6
725f164f-8ff9-451c-bf0d-13c0cefead5e,6c1daa89-9023-4208-ad0b-2ae86c081725,36d9fc1c-5d48-4c50-849e-aaa7ca10480d,2921.95,101,295116.95
6f7916e0-db40-4e1f-a434-06860f4b9aa8,6c1daa89-9023-4208-ad0b-2ae86c081725,b0272b01-8d79-4ec4-976d-e8ad31bc59cd,2424.35,299,724880.65
24da0496-1ebc-4db0-a588-02ad6a468a85,146d65db-f467-4244-9e57-e3a51bb37cef,ce5228e4-3525-49f0-a480-35790461380b,2424.84,260,630458.4
35c1726c-5e74-48a4-9924-9b4a286267e7,146d65db-f467-4244-9e57-e3a51bb37cef,7df70441-0ae3-42f2-bfa1-74f05ac8079f,485.25,833,404213.25
40015439-9303-4722-a307-d2bcd360303c,deceaa64-78f2-49a2-b5ca-4cc5443c51ad,f3f1a6e1-0ea0-4634-a8b7-8dd7b6e914a6,859.32,271,232875.72
d15e9473-1d4c-47f4-b834-f8c34e3b1812,deceaa64-78f2-49a2-b5ca-4cc5443c51ad,6e4d3016-a937-4168-bb88-be6604601f48,2495.24,288,718629.12
7cb76c45-9e3f-4f5f-b04e-48fae4a226e1,deceaa64-78f2-49a2-b5ca-4cc5443c51ad,eecaca04-a499-4eb5-a151-7c66dedd2170,1187.11,201,238609.11
e3fec8ac-904f-40e6-a712-f07970f4bd33,deceaa64-78f2-49a2-b5ca-4cc5443c51ad,38c3ae11-2710-4d26-8bb4-132d5f2b3d8b,2429.34,660,1603364.4
671b864b-e733-4851-acf6-48c61edcda5c,deceaa64-78f2-49a2-b5ca-4cc5443c51ad,09f07748-848a-467c-a053-06a9ecd32d2b,307.66,929,285816.14
07b13a1f-2f52-4535-af8a-6e433c1553f8,083741ef-ce5e-416e-8758-85aa11bc0285,68d5eeea-58cd-4b2b-aa94-44715b03ee5e,2966.32,603,1788690.96
0cf029be-cb04-4dc9-ba0c-ed15c5be8bae,083741ef-ce5e-416e-8758-85aa11bc0285,6e4d3016-a937-4168-bb88-be6604601f48,976.77,228,222703.56
73e7f8a3-326c-4706-a192-e83ac862176b,263c1cca-0bbe-423c-b412-c4d288590aab,6df92470-cc22-47d9-b1e1-56d70c6fe31c,2084.86,76,158449.36
bee10b64-bc45-4fb0-8e90-89545bc987a1,9da01b15-de50-49d1-b74a-9ed48d9fb227,09f07748-848a-467c-a053-06a9ecd32d2b,340.12,858,291822.96
2226493e-6f08-4213-8eb4-766dce233dea,9da01b15-de50-49d1-b74a-9ed48d9fb227,17feba00-e112-4769-813f-6e5e8a62068a,2428.77,652,1583558.04
babadfa7-86fa-44ad-8c84-ce0721211249,56cceef1-d309-4fd3-ad5f-bd88e5e0665a,09f07748-848a-467c-a053-06a9ecd32d2b,342.61,321,109977.81
2f206bb8-c946-4cf7-b831-edb06faaa5d2,56cceef1-d309-4fd3-ad5f-bd88e5e0665a,b0272b01-8d79-4ec4-976d-e8ad31bc59cd,441.48,809,357157.32
16969fc0-8161-4cc9-b2fb-88f5f29da9ab,56cceef1-d309-4fd3-ad5f-bd88e5e0665a,26bf1236-8893-44f4-9fca-babcb537d165,1436.59,166,238473.94
fbbeca2d-7e4b-478b-8c2c-5e136ac3efe3,b32b1b4d-5521-4656-a466-681f0b310361,7df70441-0ae3-42f2-bfa1-74f05ac8079f,1585.86,846,1341637.56
1665e3f6-44fc-4e9e-9499-a4d4d44f0311,a09b3bd8-dd53-4ce1-b95e-82d4f9df9aba,8f262ab1-a7e5-4d5d-a82d-2e56aaaf8d50,1685.74,161,271404.14
92bb76aa-bf30-44c7-87db-941554e72ff4,a09b3bd8-dd53-4ce1-b95e-82d4f9df9aba,17feba00-e112-4769-813f-6e5e8a62068a,1520.41,276,419633.16
3ea70d7a-3c99-47a9-8050-36de8a32238d,a09b3bd8-dd53-4ce1-b95e-82d4f9df9aba,68d5eeea-58cd-4b2b-aa94-44715b03ee5e,2852.62,94,268146.28
d0d53c1f-038c-4f32-8906-9919397fc8bc,8bda6da4-c265-44c0-9797-6d645bbc30c9,09f07748-848a-467c-a053-06a9ecd32d2b,1114.4,708,788995.2
8dc059cb-7c80-43b4-84b4-261a77cb908c,8bda6da4-c265-44c0-9797-6d645bbc30c9,93570a8d-d5d2-482f-ab24-c5f502deac52,2902.87,112,325121.44
8e82a07f-6d96-48bf-82fb-ffbdae488944,8bda6da4-c265-44c0-9797-6d645bbc30c9,26bf1236-8893-44f4-9fca-babcb537d165,2996.18,917,2747497.06
92788856-b170-43df-9010-bb2d461eb68b,8bda6da4-c265-44c0-9797-6d645bbc30c9,17feba00-e112-4769-813f-6e5e8a62068a,1384.37,752,1041046.24
00e63e46-2bd2-420c-835d-ae31b3671098,8bda6da4-c265-44c0-9797-6d645bbc30c9,32bcba03-65de-4f37-92f5-6558e41de80d,591.5,779,460778.5
0ccf5c99-f6a6-4a63-b4ed-24baa67afcf8,d7dd276c-04b8-4890-a2d4-c29b769c63ed,38c3ae11-2710-4d26-8bb4-132d5f2b3d8b,498.42,132,65791.44
05d1508c-efd3-41fa-992b-f1dddd4ec1d7,d7dd276c-04b8-4890-a2d4-c29b769c63ed,8f262ab1-a7e5-4d5d-a82d-2e56aaaf8d50,1169.7,201,235109.7
ad1ed76d-d3f2-48e2-b697-1bb50f3cade6,d7dd276c-04b8-4890-a2d4-c29b769c63ed,fe881a9f-c827-4dd7-a687-0116c6f50979,477.34,331,157999.54
653fa44f-4f1a-4670-b4d6-310c32e74834,d7dd276c-04b8-4890-a2d4-c29b769c63ed,6e4d3016-a937-4168-bb88-be6604601f48,1985.66,649,1288693.34
1b7c9053-dc2d-4287-80f2-b12841054141,3f67bce9-546b-4f17-8e77-710393e968c5,09f07748-848a-467c-a053-06a9ecd32d2b,2222.81,440,978036.4
09fafcb7-efa5-4e76-bb87-fcbd55d7149a,3f67bce9-546b-4f17-8e77-710393e968c5,68d5eeea-58cd-4b2b-aa94-44715b03ee5e,2985.49,593,1770395.57
4ea10beb-711e-4383-9322-1806bb486c78,3f67bce9-546b-4f17-8e77-710393e968c5,6e4d3016-a937-4168-bb88-be6604601f48,1096.22,567,621556.74
966724ae-5e94-4c43-bde9-c69661857431,3f67bce9-546b-4f17-8e77-710393e968c5,8f262ab1-a7e5-4d5d-a82d-2e56aaaf8d50,1934.65,151,292132.15
6d621526-dcd9-49fb-b44f-4f4c8b59d862,3f67bce9-546b-4f17-8e77-710393e968c5,a4a4c3db-6ba7-40ca-a4fb-99b4e328eaf3,2441.36,167,407707.12
08642d8d-0c95-492a-b94c-29293641f273,d263f1b2-be2c-4765-b887-15ebd12bbd7a,8f262ab1-a7e5-4d5d-a82d-2e56aaaf8d50,2246.27,270,606492.9
151e2623-bba5-404e-833e-eb65406ee6cd,d263f1b2-be2c-4765-b887-15ebd12bbd7a,36d9fc1c-5d48-4c50-849e-aaa7ca10480d,1461.19,959,1401281.21
7680d346-0bce-4f92-a252-b18ac256adb1,d263f1b2-be2c-4765-b887-15ebd12bbd7a,426dfc85-ff2a-4709-a996-d581c10f2f97,916.93,397,364021.21
abe8ec60-975f-44e4-9799-f9d0d8ea5002,d263f1b2-be2c-4765-b887-15ebd12bbd7a,09f07748-848a-467c-a053-06a9ecd32d2b,2534.03,458,1160585.74
732b94fe-026e-4b17-ba14-3de84037fdc2,d263f1b2-be2c-4765-b887-15ebd12bbd7a,1b662a26-3ed2-4697-b4a9-31a6e852ea76,1423.17,147,209205.99
e4e53227-1ef7-4e8c-938b-3abf9dd7d1ed,35cf6f8a-dd88-478c-838d-92021b0c67a9,26bf1236-8893-44f4-9fca-babcb537d165,1452.26,731,1061602.06
934ae1d5-d08e-4b5e-bbd9-b477822f910a,35cf6f8a-dd88-478c-838d-92021b0c67a9,7df70441-0ae3-42f2-bfa1-74f05ac8079f,988.2,206,203569.2
88363a7a-2b4d-49e7-bafa-49515d916979,35cf6f8a-dd88-478c-838d-92021b0c67a9,8f262ab1-a7e5-4d5d-a82d-2e56aaaf8d50,2154.42,535,1152614.7
80a713a5-a47f-4fdd-b678-13d0524c1ca0,7e3d4423-8c2d-49c0-97ff-49b733e44116,09f07748-848a-467c-a053-06a9ecd32d2b,546.31,137,74844.47
674651ee-70c6-4b21-8ec3-959db12a6b57,6baa47ca-6c75-499a-ace6-bb851c6143c0,09f07748-848a-467c-a053-06a9ecd32d2b,1466.07,812,1190448.84
82bd6254-023c-4d2c-984c-987cafa878b1,a72d9d76-024c-4f51-87b6-6cf1b6111226,fe881a9f-c827-4dd7-a687-0116c6f50979,2491.78,619,1542411.82
917ac3ca-d6d8-48d8-bdd3-8b73a9a56090,a72d9d76-024c-4f51-87b6-6cf1b6111226,7df70441-0ae3-42f2-bfa1-74f05ac8079f,461.95,625,288718.75
8112774f-2a0f-48e5-b9b9-b881f50fc9ac,a72d9d76-024c-4f51-87b6-6cf1b6111226,a4a4c3db-6ba7-40ca-a4fb-99b4e328eaf3,1816.55,736,1336980.8
42549589-d77e-45fc-904c-49a769e9edc9,b50fdac9-8140-46ac-a042-ec83fb6db325,09f07748-848a-467c-a053-06a9ecd32d2b,1409.18,944,1330265.92
2c256977-2204-4b6a-bc2a-40d9a817cc63,0a7ffa21-aa3a-41a5-b764-893a0c7116b6,a4a4c3db-6ba7-40ca-a4fb-99b4e328eaf3,2643.85,788,2083353.8
4021851f-b6f1-4d7a-8b95-433e23f5eaaa,0a7ffa21-aa3a-41a5-b764-893a0c7116b6,1b662a26-3ed2-4697-b4a9-31a6e852ea76,438.9,344,150981.6
8c51ad24-b6c1-4275-b50e-68a14c02cd8c,0a7ffa21-aa3a-41a5-b764-893a0c7116b6,38c3ae11-2710-4d26-8bb4-132d5f2b3d8b,1921.11,410,787655.1
bed4e71d-a96c-493e-9541-62ed2a38bd4e,0a7ffa21-aa3a-41a5-b764-893a0c7116b6,4c62a13f-c3ef-48f2-bfe8-fb3ab0ca8701,579.72,569,329860.68
f47aba9f-8c80-4ed7-bbda-f2072150cbad,bd4d455b-7667-4a16-a5ca-679cf6a53b68,09f07748-848a-467c-a053-06a9ecd32d2b,717.77,543,389749.11
94a056b8-3650-49a8-bbb2-d775a9f12d5f,bd4d455b-7667-4a16-a5ca-679cf6a53b68,6e4d3016-a937-4168-bb88-be6604601f48,905.46,160,144873.6
8edd2dc6-5791-4cdb-bb78-fe15dc530bc8,003e5d39-e1cc-4286-a798-a59b90ba30b5,a4a4c3db-6ba7-40ca-a4fb-99b4e328eaf3,2582.51,426,1100149.26
6f05f1f7-a158-4caa-b73c-2baa1a90a9f3,003e5d39-e1cc-4286-a798-a59b90ba30b5,426dfc85-ff2a-4709-a996-d581c10f2f97,610.19,335,204413.65
bcbf2a78-a48a-4744-a094-27369b246720,003e5d39-e1cc-4286-a798-a59b90ba30b5,eecaca04-a499-4eb5-a151-7c66dedd2170,1850.07,876,1620661.32
3373bf7e-91b0-427d-9f52-c65388aafecb,48c5e02f-9a60-42be-b43d-96a0406c97ae,a4a4c3db-6ba7-40ca-a4fb-99b4e328eaf3,2581.92,835,2155903.2
0c24c732-937e-4fd0-a9a5-3f6badea8e41,48c5e02f-9a60-42be-b43d-96a0406c97ae,b8805e54-6204-4043-9fca-5c5b094d2009,2509.75,678,1701610.5
22eaf752-d73a-440f-a721-d06258944293,48c5e02f-9a60-42be-b43d-96a0406c97ae,ce5228e4-3525-49f0-a480-35790461380b,2122.44,620,1315912.8
4d537dd0-343b-4f62-a87e-1fbe51d8860c,48c5e02f-9a60-42be-b43d-96a0406c97ae,38c3ae11-2710-4d26-8bb4-132d5f2b3d8b,370.89,723,268153.47
c52a1aab-60eb-4471-a639-7acdf933669c,76a06c9b-389e-4723-b536-871538e888bc,09f07748-848a-467c-a053-06a9ecd32d2b,378.17,329,124417.93
3284630c-95fb-4218-83da-ebc9fa8d1a71,76a06c9b-389e-4723-b536-871538e888bc,a4a4c3db-6ba7-40ca-a4fb-99b4e328eaf3,2197.29,366,804208.14
4bbcbf78-b1cc-4d45-8562-b4ad23fedff4,76a06c9b-389e-4723-b536-871538e888bc,7df70441-0ae3-42f2-bfa1-74f05ac8079f,2788.15,409,1140353.35
a60bb70d-d7bf-454a-98d9-8d9e5bdee4fb,4edc51b7-c1ce-4dc0-b065-cccd0e288351,b0272b01-8d79-4ec4-976d-e8ad31bc59cd,789.8,196,154800.8
ab7f459c-0272-4fa8-a45a-1d169b69ed7c,afe34b7f-0c89-4796-bc07-a1f11282dedd,09f07748-848a-467c-a053-06a9ecd32d2b,2074.83,121,251054.43
7caa176b-a174-471b-a72b-29b1c19594e1,afe34b7f-0c89-4796-bc07-a1f11282dedd,a4a4c3db-6ba7-40ca-a4fb-99b4e328eaf3,683.06,698,476775.88
1b68a9c9-c30b-4115-8922-1e93fc755d82,afe34b7f-0c89-4796-bc07-a1f11282dedd,17feba00-e112-4769-813f-6e5e8a62068a,2923.89,143,418116.27
ffc13ba1-2bdb-4d75-bc83-a3a3d075f95f,afe34b7f-0c89-4796-bc07-a1f11282dedd,1b662a26-3ed2-4697-b4a9-31a6e852ea76,2314.5,270,624915.0
759c05ca-b358-435e-991d-e31918c24e92,afe34b7f-0c89-4796-bc07-a1f11282dedd,8f262ab1-a7e5-4d5d-a82d-2e56aaaf8d50,1315.72,514,676280.08
dfb6e02b-1ac9-4b98-ad38-70868b5b021b,f53eec13-3e17-4a32-9837-856b43719658,f3f1a6e1-0ea0-4634-a8b7-8dd7b6e914a6,725.01,369,267528.69
b67762c1-8988-490a-8c06-0ebf11a891f9,f53eec13-3e17-4a32-9837-856b43719658,09f07748-848a-467c-a053-06a9ecd32d2b,2248.31,845,1899821.95
9f7dafd6-4126-456b-aedc-af46909c665b,f53eec13-3e17-4a32-9837-856b43719658,6e4d3016-a937-4168-bb88-be6604601f48,2841.8,660,1875588.0
ac0c717e-6f8b-4eaf-8d7a-364ae72152a1,7ba60585-95d3-4f04-a2ed-e22b029c1662,fe881a9f-c827-4dd7-a687-0116c6f50979,2685.02,209,561169.18
fd5e6394-a521-4297-9c76-94ccaf7d7943,388aeb2d-7594-40a3-8839-0db86f93a127,eecaca04-a499-4eb5-a151-7c66dedd2170,2336.98,100,233698.0
feffcce8-ab78-4756-997c-3c6d77a6d286,388aeb2d-7594-40a3-8839-0db86f93a127,26bf1236-8893-44f4-9fca-babcb537d165,2119.72,328,695268.16
bbde0d39-614f-4d94-abcb-44a3a858e48f,befa6e59-a39d-45f8-a787-570a19cc1cc3,38c3ae11-2710-4d26-8bb4-132d5f2b3d8b,2087.23,547,1141714.81
66d84c18-ba45-4494-bf76-6428ae26ccba,befa6e59-a39d-45f8-a787-570a19cc1cc3,1b662a26-3ed2-4697-b4a9-31a6e852ea76,1939.11,474,919138.14
4dc4ccab-eab0-4ee8-b4b9-26b96c01627e,befa6e59-a39d-45f8-a787-570a19cc1cc3,17feba00-e112-4769-813f-6e5e8a62068a,1037.55,823,853903.65
ce52aad8-69c3-454b-b333-27441e6f56cd,befa6e59-a39d-45f8-a787-570a19cc1cc3,7df70441-0ae3-42f2-bfa1-74f05ac8079f,1683.34,403,678386.02
91875dcf-723d-422f-be6c-3abdda1a54be,e9efaadb-3e54-464d-be29-4424bca227b6,fe881a9f-c827-4dd7-a687-0116c6f50979,599.4,744,445953.6
cc394c67-7330-4031-9bca-6d5b16daaa03,e9efaadb-3e54-464d-be29-4424bca227b6,36d9fc1c-5d48-4c50-849e-aaa7ca10480d,2131.91,548,1168286.68
f5d2c9bb-6309-429a-957b-65835f551858,e9efaadb-3e54-464d-be29-4424bca227b6,1b662a26-3ed2-4697-b4a9-31a6e852ea76,1722.72,365,628792.8
12fef9f9-cade-41d4-a904-c1103df16be0,e9efaadb-3e54-464d-be29-4424bca227b6,6e4d3016-a937-4168-bb88-be6604601f48,422.63,454,191874.02
2ba23797-37d5-41b7-8ad7-87910e825e70,7c842712-46c0-4c78-83f2-3e9916b88d7a,7df70441-0ae3-42f2-bfa1-74f05ac8079f,447.91,259,116008.69
adc142f3-4970-418e-82ee-55a9c3d33bdd,7c842712-46c0-4c78-83f2-3e9916b88d7a,426dfc85-ff2a-4709-a996-d581c10f2f97,1113.83,266,296278.78
2471b1b0-75dd-4d5c-b15b-ebaabcd2e9f4,7c842712-46c0-4c78-83f2-3e9916b88d7a,f3f1a6e1-0ea0-4634-a8b7-8dd7b6e914a6,2371.84,832,1973370.88
0e2015e3-84c8-424f-be28-cba7280be89b,7c842712-46c0-4c78-83f2-3e9916b88d7a,fe881a9f-c827-4dd7-a687-0116c6f50979,989.9,385,381111.5
44d9df21-cd94-4001-9329-a49a60acd939,7c842712-46c0-4c78-83f2-3e9916b88d7a,a4a4c3db-6ba7-40ca-a4fb-99b4e328eaf3,623.96,559,348793.64
fe81967a-461a-47df-8b4e-9f1d35b652eb,bc010eff-ca32-4c38-82a0-8225b3e1c7cd,6e4d3016-a937-4168-bb88-be6604601f48,774.38,439,339952.82
36a05a9e-7385-407d-9b1e-9a835c684f4d,bc010eff-ca32-4c38-82a0-8225b3e1c7cd,09f07748-848a-467c-a053-06a9ecd32d2b,1737.97,285,495321.45
99c35d87-00fa-4a03-811e-f80f315a40fb,bc010eff-ca32-4c38-82a0-8225b3e1c7cd,36d9fc1c-5d48-4c50-849e-aaa7ca10480d,1650.71,903,1490591.13
8e234127-e58b-4569-9fba-eac2b6fb7e80,bc010eff-ca32-4c38-82a0-8225b3e1c7cd,68d5eeea-58cd-4b2b-aa94-44715b03ee5e,2103.73,412,866736.76
033ba666-690f-4d27-8171-aa8774e7aba2,4be27298-9ca5-43d3-8b1f-60bf51191931,17feba00-e112-4769-813f-6e5e8a62068a,1372.09,809,1110020.81
e0692cea-b2fe-4e74-9b92-9b5dbd17dfa7,32d29f9d-b0c5-4a60-9f0b-d3f337af8e02,93570a8d-d5d2-482f-ab24-c5f502deac52,1477.79,520,768450.8
0cef44ac-9461-4578-a5c1-7bb354695bf4,57550fb0-6bc1-4971-b5f6-80a62ccfbe0c,b0272b01-8d79-4ec4-976d-e8ad31bc59cd,2627.7,639,1679100.3
8387a6a6-e52e-4856-b9bb-a58eb8d2e133,b33edefd-9931-404c-9989-fd89dca4f60d,09f07748-848a-467c-a053-06a9ecd32d2b,1848.18,776,1434187.68
56d4f469-a3ef-41bb-a5ce-cd3ac4615994,b33edefd-9931-404c-9989-fd89dca4f60d,f3f1a6e1-0ea0-4634-a8b7-8dd7b6e914a6,2028.38,346,701819.48
6cb2f49f-9e96-4dbb-9dc8-f0b6e3777a03,b33edefd-9931-404c-9989-fd89dca4f60d,36d9fc1c-5d48-4c50-849e-aaa7ca10480d,610.97,71,43378.87
8631519f-4f96-425d-a754-29908df7923b,b33edefd-9931-404c-9989-fd89dca4f60d,a4a4c3db-6ba7-40ca-a4fb-99b4e328eaf3,2908.74,225,654466.5
a8010739-3863-4b84-9db8-9c4b8be45ef5,45e807b6-f20c-4460-a832-5cc0ae61c414,426dfc85-ff2a-4709-a996-d581c10f2f97,1542.26,756,1165948.56
31db526d-67ed-4de4-a28f-e718ffa81626,45e807b6-f20c-4460-a832-5cc0ae61c414,68d5eeea-58cd-4b2b-aa94-44715b03ee5e,2783.38,140,389673.2
fd59c91a-e271-4cf8-9aac-701fa79ab981,45e807b6-f20c-4460-a832-5cc0ae61c414,6a854fc3-4b5e-4938-8d41-6a464f5da9cc,1479.12,158,233700.96
85c2668b-5811-4258-8979-bb6a3bbdfc11,45e807b6-f20c-4460-a832-5cc0ae61c414,f3f1a6e1-0ea0-4634-a8b7-8dd7b6e914a6,956.95,653,624888.35
8eaa4e5c-3b81-49f9-b7d4-24ba8b7abaac,45e807b6-f20c-4460-a832-5cc0ae61c414,09f07748-848a-467c-a053-06a9ecd32d2b,1381.21,130,179557.3
e6985508-d481-4cba-8665-778fba701963,9160808e-8ab0-4eb1-b3ca-91a4314cc1e6,6a854fc3-4b5e-4938-8d41-6a464f5da9cc,2650.42,813,2154791.46
df681644-8b7e-43cb-8d64-ffd012db28b5,9160808e-8ab0-4eb1-b3ca-91a4314cc1e6,b0272b01-8d79-4ec4-976d-e8ad31bc59cd,1216.69,391,475725.79
dfb7d060-4163-40c4-a624-cf20ea58edcb,9160808e-8ab0-4eb1-b3ca-91a4314cc1e6,68d5eeea-58cd-4b2b-aa94-44715b03ee5e,2403.62,128,307663.36
2b5d3f47-60cc-4f60-b05a-407833cb4836,9160808e-8ab0-4eb1-b3ca-91a4314cc1e6,1b662a26-3ed2-4697-b4a9-31a6e852ea76,1678.3,166,278597.8
e7177b6e-6fff-48df-a0c1-d959a154c064,1ff0b9a2-d100-488d-b0a8-d0703731f858,17feba00-e112-4769-813f-6e5e8a62068a,1676.87,977,1638301.99
54c42d3d-529d-41c5-a14d-3d7255eb4411,1ff0b9a2-d100-488d-b0a8-d0703731f858,f3f1a6e1-0ea0-4634-a8b7-8dd7b6e914a6,2395.82,409,979890.38
60f42659-c8e5-4db6-a188-1aceccbe3a18,1ff0b9a2-d100-488d-b0a8-d0703731f858,a4a4c3db-6ba7-40ca-a4fb-99b4e328eaf3,2263.92,888,2010360.96
cfb79b3f-3ec7-488f-a073-8dcfee0f7c76,1ff0b9a2-d100-488d-b0a8-d0703731f858,6a854fc3-4b5e-4938-8d41-6a464f5da9cc,2042.7,201,410582.7
8207f6fe-af3e-4a33-a353-464c713a3d3a,1ff0b9a2-d100-488d-b0a8-d0703731f858,eecaca04-a499-4eb5-a151-7c66dedd2170,937.93,199,186648.07
47da7279-db77-49a8-99b6-f94bb5ed7188,9c485520-ada6-45f2-bda0-2f4af0a72c8c,6e4d3016-a937-4168-bb88-be6604601f48,832.63,666,554531.58
ea4d495d-aefd-498a-8c5a-f6b9b8c28012,9c485520-ada6-45f2-bda0-2f4af0a72c8c,09f07748-848a-467c-a053-06a9ecd32d2b,712.75,827,589444.25
35f81ed3-0c98-471d-bbec-5f2f5ac78136,9c485520-ada6-45f2-bda0-2f4af0a72c8c,6a854fc3-4b5e-4938-8d41-6a464f5da9cc,2069.87,231,478139.97
a4e07f63-e5bc-46b9-b439-5ce27327be55,e19c6b59-d01c-4103-be27-44ce149342a4,6a854fc3-4b5e-4938-8d41-6a464f5da9cc,1552.67,627,973524.09
c16975ff-d6de-4438-b96c-17f3eee05ebe,e19c6b59-d01c-4103-be27-44ce149342a4,9f8d6179-6f64-4823-95b1-8c79ccaf6f14,2351.67,509,1197000.03
d4e249ac-eca8-4a6d-93b9-1335930815b9,e19c6b59-d01c-4103-be27-44ce149342a4,7df70441-0ae3-42f2-bfa1-74f05ac8079f,2139.06,953,2038524.18
44ce62f8-37c0-42d1-9d74-7a52f50172da,e19c6b59-d01c-4103-be27-44ce149342a4,1b662a26-3ed2-4697-b4a9-31a6e852ea76,1824.13,700,1276891.0
847268a6-2581-4df9-9e73-d3684f6a36c0,ba426917-5207-4a9a-8a0a-147a81e2b438,6e4d3016-a937-4168-bb88-be6604601f48,1172.66,692,811480.72
e571521b-602d-4b96-93c0-0afd6e1266c2,ba426917-5207-4a9a-8a0a-147a81e2b438,68d5eeea-58cd-4b2b-aa94-44715b03ee5e,1153.58,500,576790.0
0da70744-075d-4a7d-a827-4c471d4d7c15,ba426917-5207-4a9a-8a0a-147a81e2b438,36d9fc1c-5d48-4c50-849e-aaa7ca10480d,484.37,502,243153.74
ff838e4e-17f1-4a8a-83ed-1e8a768b9bfe,ba426917-5207-4a9a-8a0a-147a81e2b438,38c3ae11-2710-4d26-8bb4-132d5f2b3d8b,2004.74,865,1734100.1
126ab742-2cc4-4d41-8417-2842b6f850d6,ba426917-5207-4a9a-8a0a-147a81e2b438,eecaca04-a499-4eb5-a151-7c66dedd2170,1041.62,107,111453.34
507e03b3-04ad-468d-af27-59d0a37d5862,ba704bc3-0955-4e95-b0ed-ed7c5f17673c,6e4d3016-a937-4168-bb88-be6604601f48,1669.81,367,612820.27
de7c357b-4835-475e-aa77-46bc9fac7f33,ba704bc3-0955-4e95-b0ed-ed7c5f17673c,a4a4c3db-6ba7-40ca-a4fb-99b4e328eaf3,1546.7,88,136109.6
88faddec-fb69-492e-b5e6-24510480b9aa,ba704bc3-0955-4e95-b0ed-ed7c5f17673c,8f262ab1-a7e5-4d5d-a82d-2e56aaaf8d50,453.6,901,408693.6
b7aadd0f-801e-4e7b-a5e2-d377915fb754,124c6591-9bfb-4599-b734-a32e0840363b,eecaca04-a499-4eb5-a151-7c66dedd2170,507.17,934,473696.78
6e1f48b8-b8f6-4da0-b02d-eabf381bd2f9,124c6591-9bfb-4599-b734-a32e0840363b,93570a8d-d5d2-482f-ab24-c5f502deac52,2938.9,142,417323.8
ab70057f-952d-4a44-8199-14d259c14482,124c6591-9bfb-4599-b734-a32e0840363b,fe881a9f-c827-4dd7-a687-0116c6f50979,1960.52,569,1115535.88
4c166662-9428-4532-9fc1-20a7b9b40f8a,96351a4a-4800-4987-9ba0-7b61b48562f6,a4a4c3db-6ba7-40ca-a4fb-99b4e328eaf3,1549.32,617,955930.44
8a512905-5c55-46ef-8179-a02dacf0a71b,96351a4a-4800-4987-9ba0-7b61b48562f6,38c3ae11-2710-4d26-8bb4-132d5f2b3d8b,2876.42,806,2318394.52
077cf175-373a-4cc9-8322-728dc42695d9,96351a4a-4800-4987-9ba0-7b61b48562f6,09f07748-848a-467c-a053-06a9ecd32d2b,2718.87,510,1386623.7
8d8f13d4-5145-4640-8a97-df3d70f332f8,96351a4a-4800-4987-9ba0-7b61b48562f6,36d9fc1c-5d48-4c50-849e-aaa7ca10480d,2754.43,635,1749063.05
a21f26fd-1e2d-4183-875a-53dcfca51394,a13eb1aa-ad5c-43d6-aa06-756e9e7e1fc6,09f07748-848a-467c-a053-06a9ecd32d2b,1168.12,537,627280.44
ec237940-3d44-453d-ab51-7324349778f2,a13eb1aa-ad5c-43d6-aa06-756e9e7e1fc6,eecaca04-a499-4eb5-a151-7c66dedd2170,1653.69,113,186866.97
b805cdea-a221-49c8-b965-6a783d5a0c36,a117d66f-a33c-451d-842c-ac52c933ef9e,38c3ae11-2710-4d26-8bb4-132d5f2b3d8b,579.46,970,562076.2
db4b10b9-5126-4f33-96d0-677b2aedf6fa,a117d66f-a33c-451d-842c-ac52c933ef9e,6a854fc3-4b5e-4938-8d41-6a464f5da9cc,2560.92,781,2000078.52
15418705-9f4a-4701-b44f-1ebbcc5411b6,a117d66f-a33c-451d-842c-ac52c933ef9e,eecaca04-a499-4eb5-a151-7c66dedd2170,527.69,711,375187.59
e1c734a1-c606-435c-877a-a7f5b528f0ea,a117d66f-a33c-451d-842c-ac52c933ef9e,68d5eeea-58cd-4b2b-aa94-44715b03ee5e,765.91,303,232070.73
0f7a0aea-189c-4c73-a11d-8d5123eff6d6,3279d01d-24d0-4d33-85bc-c7a43cf79358,6e4d3016-a937-4168-bb88-be6604601f48,2975.66,586,1743736.76
dc165702-8fbe-4e56-8b95-ff79ecf750a4,3279d01d-24d0-4d33-85bc-c7a43cf79358,426dfc85-ff2a-4709-a996-d581c10f2f97,1711.42,212,362821.04
81b71f6b-c0f3-4b60-a3ff-ebb285fc3c23,3279d01d-24d0-4d33-85bc-c7a43cf79358,bdde90b1-14b3-4e38-acef-202c18341abc,1282.52,989,1268412.28
a4cfe15e-82b6-4d24-90bb-95f399b0cb7d,3279d01d-24d0-4d33-85bc-c7a43cf79358,68d5eeea-58cd-4b2b-aa94-44715b03ee5e,1063.81,468,497863.08
3c57e0ce-f583-4c25-b941-6edcd26c2f6a,ba8180ac-3b2e-494c-8bce-8570ea4eb3fd,6df92470-cc22-47d9-b1e1-56d70c6fe31c,2133.02,103,219701.06
ce168b16-20bc-4121-bf7c-0f84bded914c,ba8180ac-3b2e-494c-8bce-8570ea4eb3fd,a4a4c3db-6ba7-40ca-a4fb-99b4e328eaf3,2430.91,712,1730807.92
20c5cbde-e9f8-460a-bd1a-e033cd5950de,ba8180ac-3b2e-494c-8bce-8570ea4eb3fd,09f07748-848a-467c-a053-06a9ecd32d2b,1203.55,387,465773.85
663ea21e-1ade-4f63-a9e5-927346ca4d89,b7ee50bc-255d-40cc-b447-35531538b6bd,ce5228e4-3525-49f0-a480-35790461380b,1806.5,445,803892.5
c13fe97a-d52b-4fe5-a70e-3f7b2717b277,44a71492-e087-4596-86d0-34418e2a14ae,38c3ae11-2710-4d26-8bb4-132d5f2b3d8b,980.39,922,903919.58
cbef3be6-bc8f-4cfa-b071-93d0386d038d,44a71492-e087-4596-86d0-34418e2a14ae,6a854fc3-4b5e-4938-8d41-6a464f5da9cc,2072.72,978,2027120.16
29f220e1-929c-47fc-9bbf-6080afc8614c,44a71492-e087-4596-86d0-34418e2a14ae,eecaca04-a499-4eb5-a151-7c66dedd2170,1927.29,203,391239.87
9af59cba-3c10-44f0-be22-21d31c25d0c6,a30fb8cc-848b-4859-87af-66abddd852a3,93570a8d-d5d2-482f-ab24-c5f502deac52,520.06,729,379123.74
8e2a244b-0f33-4d42-8d7a-abaea038cec8,a30fb8cc-848b-4859-87af-66abddd852a3,f3f1a6e1-0ea0-4634-a8b7-8dd7b6e914a6,681.86,408,278198.88
c8b88fad-adfb-4fb7-81d0-2e13d6096936,a30fb8cc-848b-4859-87af-66abddd852a3,7df70441-0ae3-42f2-bfa1-74f05ac8079f,1137.63,721,820231.23
3b83feba-722d-4517-abbd-2977761a08b5,14f0da97-9d1d-4598-b003-c369767c93e3,8f262ab1-a7e5-4d5d-a82d-2e56aaaf8d50,648.17,775,502331.75
63766e02-884d-4bbb-8149-fe70aa66e55c,14f0da97-9d1d-4598-b003-c369767c93e3,36d9fc1c-5d48-4c50-849e-aaa7ca10480d,2832.61,367,1039567.87
a5b077d8-a75c-49e4-935b-96ab179788cf,14f0da97-9d1d-4598-b003-c369767c93e3,68d5eeea-58cd-4b2b-aa94-44715b03ee5e,1809.09,708,1280835.72
72bc506b-60c7-4da1-a69e-a49aca585ce7,14f0da97-9d1d-4598-b003-c369767c93e3,fe881a9f-c827-4dd7-a687-0116c6f50979,2437.49,882,2149866.18
8149e716-957c-47ac-b590-76c52d166684,1f7a5d0e-c34b-48c7-a7c1-e162f33f7590,38c3ae11-2710-4d26-8bb4-132d5f2b3d8b,2109.31,898,1894160.38
7c4d9826-1308-4903-affa-e5af1388e2a1,1f7a5d0e-c34b-48c7-a7c1-e162f33f7590,fe881a9f-c827-4dd7-a687-0116c6f50979,2857.19,751,2145749.69
71401b03-997b-4943-9dc8-60eb9ccab69f,3c4b7181-0a71-48c2-a056-70ffc4a62ad9,b0272b01-8d79-4ec4-976d-e8ad31bc59cd,552.32,736,406507.52
e80fecbe-8b2c-478e-97b6-7849ce7bfdfc,3c4b7181-0a71-48c2-a056-70ffc4a62ad9,09f07748-848a-467c-a053-06a9ecd32d2b,1443.2,420,606144.0
8c61bfe5-f48e-4233-b0f4-03420dbd9b0c,3c4b7181-0a71-48c2-a056-70ffc4a62ad9,7df70441-0ae3-42f2-bfa1-74f05ac8079f,349.22,366,127814.52
1bb13e94-bea3-46f8-a0aa-67b480a79716,3c4b7181-0a71-48c2-a056-70ffc4a62ad9,6a854fc3-4b5e-4938-8d41-6a464f5da9cc,786.71,269,211624.99
50822fc6-1b43-4dba-baff-33de92a2d67e,3c4b7181-0a71-48c2-a056-70ffc4a62ad9,6e4d3016-a937-4168-bb88-be6604601f48,1222.68,834,1019715.12
44ec3a93-7545-4193-b1c1-3f2420a252c8,9d5a655a-7040-47e1-9feb-891d0f5d8d18,36d9fc1c-5d48-4c50-849e-aaa7ca10480d,818.41,190,155497.9
789b3798-f48b-43b7-b9d9-333b4fc6b44b,9d5a655a-7040-47e1-9feb-891d0f5d8d18,eecaca04-a499-4eb5-a151-7c66dedd2170,718.35,352,252859.2
97242460-8810-42b4-8b18-569e18f54571,9d5a655a-7040-47e1-9feb-891d0f5d8d18,8f262ab1-a7e5-4d5d-a82d-2e56aaaf8d50,2579.96,153,394733.88
bc9ab498-18ea-42ab-bdd2-9f6bd034f2d5,9d5a655a-7040-47e1-9feb-891d0f5d8d18,09f07748-848a-467c-a053-06a9ecd32d2b,1670.76,602,1005797.52
09545e4e-bc2d-426f-bb0c-41aed35d959a,557d0c5e-c4c2-49d2-b82a-e04ed2a6ef76,26bf1236-8893-44f4-9fca-babcb537d165,401.92,394,158356.48
bd26d929-6fab-4cd6-806d-7637f385b738,557d0c5e-c4c2-49d2-b82a-e04ed2a6ef76,8f262ab1-a7e5-4d5d-a82d-2e56aaaf8d50,2666.26,682,1818389.32
31402a8a-16ae-4fd3-9042-5ad91c0e50d6,557d0c5e-c4c2-49d2-b82a-e04ed2a6ef76,fe881a9f-c827-4dd7-a687-0116c6f50979,653.83,435,284416.05
7661083a-75e1-4120-a86b-ad3ad5d5cdca,557d0c5e-c4c2-49d2-b82a-e04ed2a6ef76,a4a4c3db-6ba7-40ca-a4fb-99b4e328eaf3,716.48,235,168372.8
40232d83-c4ec-4d57-85d5-b7339a4dc32b,557d0c5e-c4c2-49d2-b82a-e04ed2a6ef76,09f07748-848a-467c-a053-06a9ecd32d2b,2544.63,839,2134944.57
4abd436b-375d-4a1c-b2d6-3626f709b076,61448be6-1133-4249-bf18-45f61eeeb65f,26bf1236-8893-44f4-9fca-babcb537d165,2484.42,219,544087.98
d574272c-858d-46c1-ae4d-775bbe568b7a,61448be6-1133-4249-bf18-45f61eeeb65f,bdde90b1-14b3-4e38-acef-202c18341abc,2247.19,94,211235.86
ef4386de-b179-408c-a3cc-83cb95fde537,61448be6-1133-4249-bf18-45f61eeeb65f,426dfc85-ff2a-4709-a996-d581c10f2f97,1409.32,742,1045715.44
03c5ab61-33f6-480f-bdbb-5307c015655b,61448be6-1133-4249-bf18-45f61eeeb65f,7df70441-0ae3-42f2-bfa1-74f05ac8079f,2242.88,504,1130411.52
3abe6945-f241-4228-b1bf-c661f3958e3b,61448be6-1133-4249-bf18-45f61eeeb65f,36d9fc1c-5d48-4c50-849e-aaa7ca10480d,1948.61,820,1597860.2
91e87499-5b7a-4c59-817c-1a80be8c7fc9,000342f2-75c3-45a5-8a48-cae0905f9391,36d9fc1c-5d48-4c50-849e-aaa7ca10480d,931.81,294,273952.14
d0ad814a-36ba-4da4-a4d3-332b8ef24fec,000342f2-75c3-45a5-8a48-cae0905f9391,32bcba03-65de-4f37-92f5-6558e41de80d,1135.56,878,997021.68
dca21d82-1469-4a94-8f62-76d64f3c12b0,000342f2-75c3-45a5-8a48-cae0905f9391,17feba00-e112-4769-813f-6e5e8a62068a,2417.8,975,2357355.0
75db9d88-fe03-42d7-a521-47367a920a44,000342f2-75c3-45a5-8a48-cae0905f9391,09f07748-848a-467c-a053-06a9ecd32d2b,2554.81,426,1088349.06
4f869d06-624b-4da0-80e3-19630200f1ad,46d82573-75cb-4168-90ae-2a4daad998b1,8f262ab1-a7e5-4d5d-a82d-2e56aaaf8d50,2957.99,522,1544070.78
cbb8c75f-6cf2-4301-90ab-0f5828eff3cb,46d82573-75cb-4168-90ae-2a4daad998b1,38c3ae11-2710-4d26-8bb4-132d5f2b3d8b,2377.48,846,2011348.08
33aa83a0-65a9-450a-ada9-7b8c880aa987,46d82573-75cb-4168-90ae-2a4daad998b1,ce5228e4-3525-49f0-a480-35790461380b,1331.06,590,785325.4
fa3ae928-de26-405b-80df-c6f3271e3cb8,46d82573-75cb-4168-90ae-2a4daad998b1,a4a4c3db-6ba7-40ca-a4fb-99b4e328eaf3,1430.38,215,307531.7
f42d07df-ecec-4ecc-aa65-77b9b299e673,46d82573-75cb-4168-90ae-2a4daad998b1,09f07748-848a-467c-a053-06a9ecd32d2b,2505.61,870,2179880.7
20d94b6f-87be-43c2-a826-868af686dafe,776cf3e4-2a72-42b5-a19b-c6210ee03b49,7df70441-0ae3-42f2-bfa1-74f05ac8079f,673.68,306,206146.08
deef5926-3acf-4cc5-8820-e876132065fc,776cf3e4-2a72-42b5-a19b-c6210ee03b49,09f07748-848a-467c-a053-06a9ecd32d2b,440.89,542,238962.38
c0477918-21f5-4e66-8dcd-beb33dccf9e1,776cf3e4-2a72-42b5-a19b-c6210ee03b49,6a854fc3-4b5e-4938-8d41-6a464f5da9cc,2660.12,617,1641294.04
81d3372a-82da-488e-8148-41939ba042bb,776cf3e4-2a72-42b5-a19b-c6210ee03b49,17feba00-e112-4769-813f-6e5e8a62068a,2822.59,778,2195975.02
0a467fa2-e490-4822-a22b-6f2382f021ec,776cf3e4-2a72-42b5-a19b-c6210ee03b49,fe881a9f-c827-4dd7-a687-0116c6f50979,2583.91,921,2379781.11
78dc4cf5-41f7-418f-9499-b6252823673f,b2523b58-d97e-4d21-a08e-9368ed7b9665,fe881a9f-c827-4dd7-a687-0116c6f50979,1069.67,831,888895.77
2b7ebf4e-2bac-4b7a-8891-a6f2eb9a858b,bfa8c593-ed5d-4593-a086-9810409535cb,26bf1236-8893-44f4-9fca-babcb537d165,1036.54,977,1012699.58
317407ff-e6b8-4ca0-abfb-1ae13fa7a540,bfa8c593-ed5d-4593-a086-9810409535cb,6df92470-cc22-47d9-b1e1-56d70c6fe31c,1686.05,900,1517445.0
d8898692-4dcd-40f3-b9d7-252e448759f0,67f76a87-6d29-4828-a193-3ab61cb8ab8a,93570a8d-d5d2-482f-ab24-c5f502deac52,547.63,982,537772.66
5f6a3404-7e53-4f56-bbda-4b633b5192de,67f76a87-6d29-4828-a193-3ab61cb8ab8a,36d9fc1c-5d48-4c50-849e-aaa7ca10480d,899.5,511,459644.5
52021196-062b-485a-83ca-9fc849e60bb9,67f76a87-6d29-4828-a193-3ab61cb8ab8a,38c3ae11-2710-4d26-8bb4-132d5f2b3d8b,2688.5,77,207014.5
7491b8fe-99fe-4a8d-817d-e690893aa0aa,67f76a87-6d29-4828-a193-3ab61cb8ab8a,8f262ab1-a7e5-4d5d-a82d-2e56aaaf8d50,1420.22,455,646200.1
809f0f25-0a66-406b-b463-8e7ed1b34f4c,b13cfbc9-f2ab-4356-a9db-9e0ce4471fc1,38c3ae11-2710-4d26-8bb4-132d5f2b3d8b,1309.7,445,582816.5
fe98bdd0-efe4-48ae-9b6e-8ce30e472d63,b13cfbc9-f2ab-4356-a9db-9e0ce4471fc1,09f07748-848a-467c-a053-06a9ecd32d2b,2985.22,433,1292600.26
cb892785-67d7-437f-8e5b-5b661005d127,b13cfbc9-f2ab-4356-a9db-9e0ce4471fc1,8f262ab1-a7e5-4d5d-a82d-2e56aaaf8d50,906.25,376,340750.0
44813da5-8ad4-49f8-891f-a1b49b6879c9,b13cfbc9-f2ab-4356-a9db-9e0ce4471fc1,7df70441-0ae3-42f2-bfa1-74f05ac8079f,2813.23,909,2557226.07
33aac214-d109-4efc-a5e1-3f9e378f4d26,b13cfbc9-f2ab-4356-a9db-9e0ce4471fc1,a4a4c3db-6ba7-40ca-a4fb-99b4e328eaf3,2229.7,393,876272.1
6a68fc8b-b394-483e-8e89-6ecfe133c799,5031b91d-a2e0-40a9-9444-b348e574fdb2,09f07748-848a-467c-a053-06a9ecd32d2b,671.52,343,230331.36
204728c5-f6ef-47b6-8d1d-f696eb4dc512,5031b91d-a2e0-40a9-9444-b348e574fdb2,8f262ab1-a7e5-4d5d-a82d-2e56aaaf8d50,2776.97,533,1480125.01
1fcac823-8396-4252-9fa4-596077e0f43d,d0c29286-2e69-45a7-8286-6b44744a7b77,09f07748-848a-467c-a053-06a9ecd32d2b,2348.87,530,1244901.1
5a2a0089-5a4b-4b8e-97b1-7c0dc8aaeafd,d0c29286-2e69-45a7-8286-6b44744a7b77,7df70441-0ae3-42f2-bfa1-74f05ac8079f,1511.22,55,83117.1
17b12b65-6520-4fcb-9be4-e5dcd856b051,2cfd2a97-bc71-4868-82c3-a941d0c0a75e,38c3ae11-2710-4d26-8bb4-132d5f2b3d8b,351.31,270,94853.7
a2ae51c0-dc14-4464-8c96-30bfff32d842,49f9d3e9-dd1b-4c2e-9ed0-23186cd8a034,6df92470-cc22-47d9-b1e1-56d70c6fe31c,1781.77,794,1414725.38
9d5f1293-9d11-4939-9d11-1c8034944c71,49f9d3e9-dd1b-4c2e-9ed0-23186cd8a034,68d5eeea-58cd-4b2b-aa94-44715b03ee5e,1943.98,483,938942.34
48784d9c-dd0c-46d9-8604-b99ca5505753,28ef8901-8efd-449f-ab94-4f741f1f1706,7df70441-0ae3-42f2-bfa1-74f05ac8079f,2395.67,293,701931.31
822b348c-dd54-430a-9711-bf4124fb6ffe,645a0edc-df25-4fcc-a472-9ef629752e8c,26bf1236-8893-44f4-9fca-babcb537d165,628.99,294,184923.06
d89869cd-de0d-4e19-8341-8938deb8242c,645a0edc-df25-4fcc-a472-9ef629752e8c,6a854fc3-4b5e-4938-8d41-6a464f5da9cc,1433.53,862,1235702.86
de428413-72c7-4aad-96ad-9f744b49f6c3,645a0edc-df25-4fcc-a472-9ef629752e8c,38c3ae11-2710-4d26-8bb4-132d5f2b3d8b,1981.59,114,225901.26
da284c78-ca72-4d4f-950c-fced06e278c6,233f0fc1-dad5-4c88-979d-793acb7ad7c5,a4a4c3db-6ba7-40ca-a4fb-99b4e328eaf3,2559.06,561,1435632.66
c99ae5be-9bb6-417e-8fb4-896a2d8e4ca3,eebeb73f-9b89-4aac-95cf-00d39131e628,38c3ae11-2710-4d26-8bb4-132d5f2b3d8b,1747.35,697,1217902.95
dae222be-4d19-44b9-9b73-a16a83f3c814,eebeb73f-9b89-4aac-95cf-00d39131e628,f3f1a6e1-0ea0-4634-a8b7-8dd7b6e914a6,1691.51,297,502378.47
5a7d81d6-59f4-4119-8593-318847aaab7a,eebeb73f-9b89-4aac-95cf-00d39131e628,6e4d3016-a937-4168-bb88-be6604601f48,2240.07,348,779544.36
fe17223b-426b-470e-9f48-4db3ef03fdfe,eebeb73f-9b89-4aac-95cf-00d39131e628,6a854fc3-4b5e-4938-8d41-6a464f5da9cc,1458.95,679,990627.05
cf2f7a96-b588-43d9-b005-281659f69c7b,eebeb73f-9b89-4aac-95cf-00d39131e628,8f262ab1-a7e5-4d5d-a82d-2e56aaaf8d50,1252.6,634,794148.4
4f48f9b2-bb42-466c-ae80-5d4c05be0e88,8046d93c-e5b4-4cbd-9f7f-a85e8a6c46ac,09f07748-848a-467c-a053-06a9ecd32d2b,805.75,734,591420.5
98040baf-7a05-45a3-a1e7-b970c36972f9,8046d93c-e5b4-4cbd-9f7f-a85e8a6c46ac,6e4d3016-a937-4168-bb88-be6604601f48,531.16,419,222556.04
3425160b-bb62-40b8-a60a-6c6542fc5c22,8046d93c-e5b4-4cbd-9f7f-a85e8a6c46ac,a4a4c3db-6ba7-40ca-a4fb-99b4e328eaf3,482.73,588,283845.24
e1564591-b954-4702-9304-0302850d5c1d,8046d93c-e5b4-4cbd-9f7f-a85e8a6c46ac,26bf1236-8893-44f4-9fca-babcb537d165,1769.02,855,1512512.1
f060a2f2-42c9-41b3-b3de-59a3544632b9,9bccda20-3b2a-4ee1-b9ee-b76783ab8a2e,6a854fc3-4b5e-4938-8d41-6a464f5da9cc,1796.21,449,806498.29
ea71522a-d131-4aab-88c6-e4818c6b3363,9bccda20-3b2a-4ee1-b9ee-b76783ab8a2e,fe881a9f-c827-4dd7-a687-0116c6f50979,2657.99,94,249851.06
8a3ab733-fd6c-44e8-9646-3911ca7306c9,9bccda20-3b2a-4ee1-b9ee-b76783ab8a2e,6e4d3016-a937-4168-bb88-be6604601f48,2016.31,432,871045.92
3fd1ba6c-361c-45a7-9e7a-55a0aa339555,9bccda20-3b2a-4ee1-b9ee-b76783ab8a2e,bdde90b1-14b3-4e38-acef-202c18341abc,984.86,66,65000.76
7a80c612-8840-47ff-8fad-ea880cd148da,9bccda20-3b2a-4ee1-b9ee-b76783ab8a2e,f3f1a6e1-0ea0-4634-a8b7-8dd7b6e914a6,1264.15,119,150433.85
6b1209b4-ae29-4fe0-9853-94ff12ee873c,fb04db21-3d50-469b-bb70-b7218a0835dd,7df70441-0ae3-42f2-bfa1-74f05ac8079f,951.04,722,686650.88
1b785f56-c950-4064-9f28-840a60608bcd,fb04db21-3d50-469b-bb70-b7218a0835dd,6e4d3016-a937-4168-bb88-be6604601f48,1996.29,840,1676883.6
ff56fc4b-7fa6-487e-9ab9-49f11f31e1fb,fb04db21-3d50-469b-bb70-b7218a0835dd,fe881a9f-c827-4dd7-a687-0116c6f50979,1871.14,824,1541819.36
97a60e12-e52b-480e-bfbb-b76929f9fa0f,5d8ffe91-ae76-4ff9-a53b-4c4c65bdb33c,a4a4c3db-6ba7-40ca-a4fb-99b4e328eaf3,660.21,410,270686.1
7750c808-5583-4ac1-9a01-b8688387e651,5d8ffe91-ae76-4ff9-a53b-4c4c65bdb33c,38c3ae11-2710-4d26-8bb4-132d5f2b3d8b,1774.24,883,1566653.92
a2e12799-e519-4a29-a9b2-9f9d98c3cd41,5d8ffe91-ae76-4ff9-a53b-4c4c65bdb33c,b8805e54-6204-4043-9fca-5c5b094d2009,2035.55,900,1831995.0
46665a85-89ed-4a9f-923c-94c9eb76dbfa,098f1be3-b53d-4544-99a7-870ea4fde6f0,1b662a26-3ed2-4697-b4a9-31a6e852ea76,2948.21,540,1592033.4
80547c2c-421d-4c8c-92f3-c02c6e4e218c,098f1be3-b53d-4544-99a7-870ea4fde6f0,09f07748-848a-467c-a053-06a9ecd32d2b,2005.69,880,1765007.2
aa166c9e-7be2-4cd7-af21-07acaad02daa,098f1be3-b53d-4544-99a7-870ea4fde6f0,17feba00-e112-4769-813f-6e5e8a62068a,664.1,783,519990.3
bd79d8ec-0f9a-4f54-9887-0cf5e8a177c6,098f1be3-b53d-4544-99a7-870ea4fde6f0,fe881a9f-c827-4dd7-a687-0116c6f50979,2395.71,518,1240977.78
54d7f23d-c86d-4657-9cb7-812b66c9d2dd,faca7537-ebfe-4b7c-a3bb-e67e3ff05493,426dfc85-ff2a-4709-a996-d581c10f2f97,1092.29,94,102675.26
388807b7-27a4-46e0-bb67-932949b5a895,51fcea7b-d91e-4690-9034-1955b9d905b1,eecaca04-a499-4eb5-a151-7c66dedd2170,2691.63,373,1003977.99
25e2bb83-9e2a-4cdb-b778-732a722b2e5d,51fcea7b-d91e-4690-9034-1955b9d905b1,6e4d3016-a937-4168-bb88-be6604601f48,2820.1,577,1627197.7
d5dcab78-380c-4dbb-a3d4-bfd500aa33c3,388372eb-ea33-448c-b38b-0b26eb4b91ff,bdde90b1-14b3-4e38-acef-202c18341abc,2970.63,606,1800201.78
2f0efd2a-7853-4fe0-9a0e-c3912828dbea,388372eb-ea33-448c-b38b-0b26eb4b91ff,ce5228e4-3525-49f0-a480-35790461380b,1578.18,87,137301.66
3e5c0979-4470-487d-8c41-5be823a1a7bf,388372eb-ea33-448c-b38b-0b26eb4b91ff,a4a4c3db-6ba7-40ca-a4fb-99b4e328eaf3,2333.89,245,571803.05
b2a03f05-69f4-4064-8bb3-cf0489fcceef,388372eb-ea33-448c-b38b-0b26eb4b91ff,32bcba03-65de-4f37-92f5-6558e41de80d,1072.5,932,999570.0
63db7fa4-51f5-4150-9387-d10aeb869b7a,e8f5511b-6482-44b5-b55a-1e8b999f793f,426dfc85-ff2a-4709-a996-d581c10f2f97,2637.66,389,1026049.74
9b9fc837-6cc9-4b32-a38b-bdb89d7cf40e,2e097c25-ab8d-46eb-a3b0-433c14317473,fe881a9f-c827-4dd7-a687-0116c6f50979,636.08,426,270970.08
59692651-e259-4735-967b-ab60bf02c25c,2e097c25-ab8d-46eb-a3b0-433c14317473,09f07748-848a-467c-a053-06a9ecd32d2b,1479.77,459,679214.43
41a7215b-d699-4b95-ade4-8cec44a6cb3e,2e097c25-ab8d-46eb-a3b0-433c14317473,38c3ae11-2710-4d26-8bb4-132d5f2b3d8b,2306.93,966,2228494.38
b80d5d60-6b69-466d-9dca-3c5a364c4db1,0692f3ca-1947-4f4e-b6fb-e86157a1a128,fe881a9f-c827-4dd7-a687-0116c6f50979,1215.4,241,292911.4
929a541a-f93b-405e-bcad-577f04d2cc13,0692f3ca-1947-4f4e-b6fb-e86157a1a128,36d9fc1c-5d48-4c50-849e-aaa7ca10480d,1639.75,559,916620.25
3cfaf541-bd09-4891-9ce3-76c0547fad51,0692f3ca-1947-4f4e-b6fb-e86157a1a128,6a854fc3-4b5e-4938-8d41-6a464f5da9cc,1291.84,866,1118733.44
635e3880-2247-4b48-95fd-05a1985cb35f,0692f3ca-1947-4f4e-b6fb-e86157a1a128,ce5228e4-3525-49f0-a480-35790461380b,1702.04,870,1480774.8
8afac81a-f8f3-4cb9-981d-8a594f8b5e20,708db917-dc4b-4c62-a96c-ed0e11025c2b,f3f1a6e1-0ea0-4634-a8b7-8dd7b6e914a6,2263.12,130,294205.6
a3bb566a-c6d6-4f40-9d38-902978deefed,7b1fb72e-965c-4b9b-ac51-c47d5d0ccfa2,4c62a13f-c3ef-48f2-bfe8-fb3ab0ca8701,1926.62,892,1718545.04
2f9d1639-2513-4e23-b3fe-9daad932b699,7b1fb72e-965c-4b9b-ac51-c47d5d0ccfa2,a4a4c3db-6ba7-40ca-a4fb-99b4e328eaf3,787.23,350,275530.5
c4e5236d-11b9-4a88-8634-6a24f20b8ce8,7b1fb72e-965c-4b9b-ac51-c47d5d0ccfa2,68d5eeea-58cd-4b2b-aa94-44715b03ee5e,1167.27,131,152912.37
188fd453-cb43-4f44-b148-15b12298bbb4,7b1fb72e-965c-4b9b-ac51-c47d5d0ccfa2,93570a8d-d5d2-482f-ab24-c5f502deac52,1185.38,352,417253.76
b24e5129-a30a-40bc-8d7a-36b3ea5820d7,e837c3ef-8110-463f-8156-032c4bfad0ed,fe881a9f-c827-4dd7-a687-0116c6f50979,1503.97,784,1179112.48
e019be99-05e7-41a3-9621-95468d1f0e62,e837c3ef-8110-463f-8156-032c4bfad0ed,6a854fc3-4b5e-4938-8d41-6a464f5da9cc,1450.51,756,1096585.56
f560a1c1-11a5-48e7-9761-352a0c31991a,e837c3ef-8110-463f-8156-032c4bfad0ed,09f07748-848a-467c-a053-06a9ecd32d2b,1498.55,507,759764.85
4552f095-8dc6-4aab-9657-1b51edb4ed1f,fd99b751-1b4f-4d1e-a1a4-5442fe650f6a,09f07748-848a-467c-a053-06a9ecd32d2b,2262.4,983,2223939.2
2873fdd5-3ebe-4632-8066-77905daa872f,2d43cbd8-620f-4986-9d54-7c6bde2bfb07,f3f1a6e1-0ea0-4634-a8b7-8dd7b6e914a6,1960.1,495,970249.5
7f4c4b16-3bd9-4461-8071-97526c6a6940,2d43cbd8-620f-4986-9d54-7c6bde2bfb07,b0272b01-8d79-4ec4-976d-e8ad31bc59cd,1041.3,860,895518.0
d46f5bff-1b8b-4e87-933a-c5f6ba03ec3a,2d43cbd8-620f-4986-9d54-7c6bde2bfb07,a4a4c3db-6ba7-40ca-a4fb-99b4e328eaf3,2859.34,126,360276.84
f7d94eed-5f42-422c-afed-9748b7d5f562,19b40775-4f3a-4733-9421-5c0d802930fb,6e4d3016-a937-4168-bb88-be6604601f48,1280.94,870,1114417.8
b27412a0-524e-436e-8dba-b4436fbfce84,19b40775-4f3a-4733-9421-5c0d802930fb,426dfc85-ff2a-4709-a996-d581c10f2f97,2324.72,213,495165.36
c819634e-53ab-47db-baf8-67897b4ad6d3,19b40775-4f3a-4733-9421-5c0d802930fb,a4a4c3db-6ba7-40ca-a4fb-99b4e328eaf3,2872.53,196,563015.88
7fd4aef0-484b-4f40-b817-9d6960926629,19b40775-4f3a-4733-9421-5c0d802930fb,fe881a9f-c827-4dd7-a687-0116c6f50979,2591.41,744,1928009.04
d74c25d4-0cb5-46c5-9cf1-6a57929e50b7,5a28394d-6b87-4e7a-bd4c-b7f5c183e33f,a4a4c3db-6ba7-40ca-a4fb-99b4e328eaf3,393.96,118,46487.28
a486f58c-5532-453c-8212-2b3ba857be6d,5a28394d-6b87-4e7a-bd4c-b7f5c183e33f,36d9fc1c-5d48-4c50-849e-aaa7ca10480d,937.19,710,665404.9
490e1fbc-cf9e-4ffb-b124-4bbac03539fa,5a28394d-6b87-4e7a-bd4c-b7f5c183e33f,09f07748-848a-467c-a053-06a9ecd32d2b,1289.09,442,569777.78
7d516765-cecc-4fcf-9073-6f514c874a5f,5a28394d-6b87-4e7a-bd4c-b7f5c183e33f,fe881a9f-c827-4dd7-a687-0116c6f50979,2863.56,83,237675.48
3835f35f-6167-42a2-9bb5-59d560cf17d5,a756955c-cbde-4495-807c-35ef7f42952e,426dfc85-ff2a-4709-a996-d581c10f2f97,714.28,510,364282.8
e5559a8b-ab09-43bd-945a-e509db4bd713,a756955c-cbde-4495-807c-35ef7f42952e,a4a4c3db-6ba7-40ca-a4fb-99b4e328eaf3,2861.82,430,1230582.6
64da7592-27d8-490b-b537-7f0bee41633f,a756955c-cbde-4495-807c-35ef7f42952e,7df70441-0ae3-42f2-bfa1-74f05ac8079f,1498.64,128,191825.92
c5a8cc1c-946b-47f8-ad21-7b8894e2ca85,a756955c-cbde-4495-807c-35ef7f42952e,09f07748-848a-467c-a053-06a9ecd32d2b,1849.59,592,1094957.28
d92b5996-c10f-4e14-b9ec-82d7ff7ef19f,a756955c-cbde-4495-807c-35ef7f42952e,fe881a9f-c827-4dd7-a687-0116c6f50979,1290.76,371,478871.96
02118fd3-d736-4d5a-933f-ec0270b4927f,dcfdd2d5-e65c-41da-b167-2e06e384281c,ce5228e4-3525-49f0-a480-35790461380b,973.95,166,161675.7
32a95b3c-040a-4e91-94e3-431f349bdef1,dcfdd2d5-e65c-41da-b167-2e06e384281c,fe881a9f-c827-4dd7-a687-0116c6f50979,369.97,240,88792.8
b98d5393-506b-4a2d-8dea-e94a4371ca81,dcfdd2d5-e65c-41da-b167-2e06e384281c,eecaca04-a499-4eb5-a151-7c66dedd2170,1647.42,446,734749.32
8b2a9573-f38d-4d75-8a08-762f6b819d17,f441e501-3e86-4099-8d64-63b1e1bee237,26bf1236-8893-44f4-9fca-babcb537d165,617.95,843,520931.85
98a1d529-d286-4e4f-942a-fd0993321377,f441e501-3e86-4099-8d64-63b1e1bee237,09f07748-848a-467c-a053-06a9ecd32d2b,1002.78,506,507406.68
bcc6235a-87f1-49ae-8cbb-ce05cf0c450b,f441e501-3e86-4099-8d64-63b1e1bee237,8f262ab1-a7e5-4d5d-a82d-2e56aaaf8d50,879.34,676,594433.84
e1050318-e4c2-48a0-9ba3-2612e5923efa,f441e501-3e86-4099-8d64-63b1e1bee237,17feba00-e112-4769-813f-6e5e8a62068a,1071.06,988,1058207.28
1ed82927-aa6a-47be-8bb3-2fa64a22c06b,f441e501-3e86-4099-8d64-63b1e1bee237,6e4d3016-a937-4168-bb88-be6604601f48,2996.3,254,761060.2
1fb59df4-d374-44bc-922e-4c44c2807322,c006eb5d-9fc4-485f-ba1b-8b9aac8b2b4e,6e4d3016-a937-4168-bb88-be6604601f48,666.47,125,83308.75
6397fbb6-11a8-44af-bdad-fe41e4a216a8,830410ba-e1db-43b8-a6eb-bf607ccc9a91,a4a4c3db-6ba7-40ca-a4fb-99b4e328eaf3,766.17,780,597612.6
4c1a467c-075a-4091-a4b7-e3a40c0d9ec8,830410ba-e1db-43b8-a6eb-bf607ccc9a91,7df70441-0ae3-42f2-bfa1-74f05ac8079f,1501.8,139,208750.2
dcc66494-35ea-4793-9fac-043c5fc83c4a,830410ba-e1db-43b8-a6eb-bf607ccc9a91,b0272b01-8d79-4ec4-976d-e8ad31bc59cd,2488.39,915,2276876.85
9f9065b6-eb4a-4eac-8a67-5e133cc13c6c,830410ba-e1db-43b8-a6eb-bf607ccc9a91,09f07748-848a-467c-a053-06a9ecd32d2b,2963.75,733,2172428.75
69e115f7-d8df-454d-8e25-132b2fc511d0,48340b08-b70e-411a-b15b-24a8405652ec,09f07748-848a-467c-a053-06a9ecd32d2b,2215.76,613,1358260.88
d026ad7e-d5d1-40d7-a7f5-e26c5137987c,48340b08-b70e-411a-b15b-24a8405652ec,8f262ab1-a7e5-4d5d-a82d-2e56aaaf8d50,1763.86,962,1696833.32
8bee4677-9a1c-4db2-b030-68222c9b03ea,48340b08-b70e-411a-b15b-24a8405652ec,fe881a9f-c827-4dd7-a687-0116c6f50979,1109.88,211,234184.68
2c2d2c13-caac-46d5-b3e1-be6db5ad711b,e9e3dc90-b6c1-41f6-afe3-b609dba6a456,09f07748-848a-467c-a053-06a9ecd32d2b,2442.98,570,1392498.6
02e583f1-cde2-4824-9aaa-5536cd3aaf69,e9e3dc90-b6c1-41f6-afe3-b609dba6a456,36d9fc1c-5d48-4c50-849e-aaa7ca10480d,905.45,255,230889.75
44fb99c2-915c-4367-9a52-bddf85d17119,481e08ed-a4cf-487e-971b-77f00be08306,f3f1a6e1-0ea0-4634-a8b7-8dd7b6e914a6,939.19,555,521250.45
6b000178-99a3-40e0-bccd-446a116bfeec,481e08ed-a4cf-487e-971b-77f00be08306,09f07748-848a-467c-a053-06a9ecd32d2b,370.97,617,228888.49
7331be5c-3924-41cf-aa5f-5332b77809a2,642d055e-32bb-4cdb-82ad-cd0249e0e8ea,68d5eeea-58cd-4b2b-aa94-44715b03ee5e,1296.06,872,1130164.32
9dd53e12-cf0e-4deb-b14e-731f9280ec1e,642d055e-32bb-4cdb-82ad-cd0249e0e8ea,a4a4c3db-6ba7-40ca-a4fb-99b4e328eaf3,2954.13,182,537651.66
165061ab-542d-4e43-b15b-8e72c3df527e,642d055e-32bb-4cdb-82ad-cd0249e0e8ea,26bf1236-8893-44f4-9fca-babcb537d165,1952.26,138,269411.88
69f4b240-26b2-4d44-b6df-ac7a2d0277f7,642d055e-32bb-4cdb-82ad-cd0249e0e8ea,09f07748-848a-467c-a053-06a9ecd32d2b,477.52,457,218226.64
49aafa17-5b9e-4642-8abb-ff0917380b21,642d055e-32bb-4cdb-82ad-cd0249e0e8ea,6e4d3016-a937-4168-bb88-be6604601f48,2998.91,786,2357143.26
8cbab95b-c0db-49e5-8510-67108afd2927,0604628a-628f-4c7c-8370-a596b20ef9cb,fe881a9f-c827-4dd7-a687-0116c6f50979,1719.38,837,1439121.06
a09c3f8c-409c-4973-b09f-5ae270f32523,0604628a-628f-4c7c-8370-a596b20ef9cb,09f07748-848a-467c-a053-06a9ecd32d2b,1405.47,638,896689.86
16d540a1-9783-4d94-92da-8c04da734183,0604628a-628f-4c7c-8370-a596b20ef9cb,a4a4c3db-6ba7-40ca-a4fb-99b4e328eaf3,499.13,374,186674.62
f1ff3f25-6647-44f5-aa90-016b9451db7d,0604628a-628f-4c7c-8370-a596b20ef9cb,6a854fc3-4b5e-4938-8d41-6a464f5da9cc,2034.31,510,1037498.1
e82ade07-a339-4815-8a02-a8b00887822f,bcea6291-1fe4-4c0b-9ba4-1ca35b18706f,36d9fc1c-5d48-4c50-849e-aaa7ca10480d,2136.29,402,858788.58
dc4cd56f-1fb9-47c1-937a-dde9a3719c92,bcea6291-1fe4-4c0b-9ba4-1ca35b18706f,68d5eeea-58cd-4b2b-aa94-44715b03ee5e,646.5,898,580557.0
68561003-59f8-4f76-b34f-2cf5f960e8aa,bcea6291-1fe4-4c0b-9ba4-1ca35b18706f,09f07748-848a-467c-a053-06a9ecd32d2b,2406.71,705,1696730.55
7f8c940f-b188-48da-8598-5e051473bb94,bcea6291-1fe4-4c0b-9ba4-1ca35b18706f,8f262ab1-a7e5-4d5d-a82d-2e56aaaf8d50,1887.02,836,1577548.72
f5941b45-f8e1-4a4e-8f1b-9be67b74c58f,b56acdce-e4bf-4ee6-8256-8e34f173814c,426dfc85-ff2a-4709-a996-d581c10f2f97,1468.07,982,1441644.74
c1c2d712-4b6f-4ef6-a987-7b7f56da2a53,b56acdce-e4bf-4ee6-8256-8e34f173814c,b0272b01-8d79-4ec4-976d-e8ad31bc59cd,2644.17,901,2382397.17
7105efba-2f87-4603-9ce6-6ad8ae0e5b53,d38c662c-3e4e-44df-b9b7-32b95e941dd5,b0272b01-8d79-4ec4-976d-e8ad31bc59cd,1698.88,361,613295.68
8ee79c05-4af3-4abb-8a4f-1293ca294f94,03905740-3d26-4558-b842-d7c02716c0af,09f07748-848a-467c-a053-06a9ecd32d2b,737.31,776,572152.56
2da4c353-5fc3-4c0f-8b78-1a9c3be361b6,03905740-3d26-4558-b842-d7c02716c0af,68d5eeea-58cd-4b2b-aa94-44715b03ee5e,908.77,581,527995.37
4547c8c3-23c3-4ad3-b669-b687d01c468a,2300fc0a-0621-40a9-8058-b0d05e8b41c2,7df70441-0ae3-42f2-bfa1-74f05ac8079f,2584.02,306,790710.12
94b22fab-7030-4c34-8cd3-3a616013e4cb,2300fc0a-0621-40a9-8058-b0d05e8b41c2,b0272b01-8d79-4ec4-976d-e8ad31bc59cd,830.02,614,509632.28
a6c88c46-d1d6-46ba-9217-bc3557513a64,2300fc0a-0621-40a9-8058-b0d05e8b41c2,fe881a9f-c827-4dd7-a687-0116c6f50979,1041.02,690,718303.8
c6f18c01-f5d9-4e89-ab80-6b5e55e14b53,abeac023-acbe-4192-aefb-5bcb342ab8d6,426dfc85-ff2a-4709-a996-d581c10f2f97,1958.96,145,284049.2
c4aab0d6-8d7e-4731-ab0b-67c3f7e588ad,abeac023-acbe-4192-aefb-5bcb342ab8d6,7df70441-0ae3-42f2-bfa1-74f05ac8079f,1656.95,222,367842.9
9c3d5731-1fbf-4e87-8208-62281b1c6a91,abeac023-acbe-4192-aefb-5bcb342ab8d6,8f262ab1-a7e5-4d5d-a82d-2e56aaaf8d50,1897.88,644,1222234.72
83f11c2b-615a-44bf-b20a-b275ab34456b,1a8ff127-2ac8-43da-ae09-850c9cbab8dc,bdde90b1-14b3-4e38-acef-202c18341abc,762.24,689,525183.36
7e0e9fc7-e7f6-4987-9fad-74e482b39449,1a8ff127-2ac8-43da-ae09-850c9cbab8dc,26bf1236-8893-44f4-9fca-babcb537d165,2245.71,669,1502379.99
750e8a5d-28a0-4ad3-8e6d-5a81752ceeac,2542bcdc-5533-418d-953c-6bcdcef33462,ce5228e4-3525-49f0-a480-35790461380b,2574.83,627,1614418.41
3e6d057c-2676-4887-8635-7afa68365005,2542bcdc-5533-418d-953c-6bcdcef33462,1b662a26-3ed2-4697-b4a9-31a6e852ea76,411.22,934,384079.48
59425e32-56a1-4f7e-a0ca-19cd2d704297,2542bcdc-5533-418d-953c-6bcdcef33462,6e4d3016-a937-4168-bb88-be6604601f48,376.61,96,36154.56
deba7fd6-61ba-423e-a8d5-12981d7461bc,75ceff48-87ad-4618-80a8-7fd5d5a63ed7,6e4d3016-a937-4168-bb88-be6604601f48,1014.57,265,268861.05
e1c2fae7-86ca-47d5-af69-dac1309ad6f1,75ceff48-87ad-4618-80a8-7fd5d5a63ed7,6a854fc3-4b5e-4938-8d41-6a464f5da9cc,2370.79,476,1128496.04
c9df3476-a117-486f-8f7d-113eef2b6245,75ceff48-87ad-4618-80a8-7fd5d5a63ed7,fe881a9f-c827-4dd7-a687-0116c6f50979,1968.89,81,159480.09
97c1b0ed-743e-462d-9969-71929e131978,75ceff48-87ad-4618-80a8-7fd5d5a63ed7,1b662a26-3ed2-4697-b4a9-31a6e852ea76,1644.7,692,1138132.4
595146d1-694e-43c6-9187-36f32a72de32,75ceff48-87ad-4618-80a8-7fd5d5a63ed7,38c3ae11-2710-4d26-8bb4-132d5f2b3d8b,1773.06,707,1253553.42
7bfb7d3c-639c-49b5-9670-00c5e6e4f19b,695ed432-2aa9-4b83-b26e-f9d3128964f7,6a854fc3-4b5e-4938-8d41-6a464f5da9cc,1603.95,874,1401852.3
8c76784b-8734-4899-bb53-e42aa31201ac,695ed432-2aa9-4b83-b26e-f9d3128964f7,ce5228e4-3525-49f0-a480-35790461380b,2479.84,465,1153125.6
c6fb2d2a-51dc-45d1-b372-eeb759e9143a,695ed432-2aa9-4b83-b26e-f9d3128964f7,fe881a9f-c827-4dd7-a687-0116c6f50979,1103.07,124,136780.68
d768be21-f1b7-4d8b-8adc-bcef1e4f9980,30857419-d63e-4cde-8667-3fa4561c8e82,8f262ab1-a7e5-4d5d-a82d-2e56aaaf8d50,726.82,475,345239.5
c9bc12f4-5af8-4291-a3b8-924bd6d22555,516e3566-4251-43e0-a7a3-c2fd82b0fd66,7df70441-0ae3-42f2-bfa1-74f05ac8079f,1553.99,398,618488.02
9cd78808-f0f3-4e57-bb0a-31a78361fbb9,516e3566-4251-43e0-a7a3-c2fd82b0fd66,a4a4c3db-6ba7-40ca-a4fb-99b4e328eaf3,1937.98,370,717052.6
cf44d7ee-1a13-4929-9452-264d93eba8bb,516e3566-4251-43e0-a7a3-c2fd82b0fd66,426dfc85-ff2a-4709-a996-d581c10f2f97,2626.01,376,987379.76
68d84ea0-2684-4455-bba4-55ed3b79e4a3,516e3566-4251-43e0-a7a3-c2fd82b0fd66,6e4d3016-a937-4168-bb88-be6604601f48,2282.34,931,2124858.54
16c85c39-d2a5-45bc-bf6c-9b529e0e78d3,4f117348-7ca3-4437-9171-610d9444fb5c,a4a4c3db-6ba7-40ca-a4fb-99b4e328eaf3,2933.51,183,536832.33
05df2a0b-7172-4ea2-a7f1-d579fc335925,4f117348-7ca3-4437-9171-610d9444fb5c,6e4d3016-a937-4168-bb88-be6604601f48,2353.8,577,1358142.6
5231be63-92a8-4bff-9637-45021d2cd4cd,4f117348-7ca3-4437-9171-610d9444fb5c,36d9fc1c-5d48-4c50-849e-aaa7ca10480d,1816.46,376,682988.96
79026840-e30c-437d-b89f-7d1e66de9c1c,62f1bbe1-71bd-4d32-aad9-ebc86af0ccb2,8f262ab1-a7e5-4d5d-a82d-2e56aaaf8d50,1559.48,323,503712.04
e51f0605-612c-4cbc-89b0-b94193ac84e2,62f1bbe1-71bd-4d32-aad9-ebc86af0ccb2,f3f1a6e1-0ea0-4634-a8b7-8dd7b6e914a6,1513.91,194,293698.54
8b4c6105-60fa-48f7-87d6-af46810c2f9a,3b83630f-5a59-4bbd-baee-17f6691c700a,426dfc85-ff2a-4709-a996-d581c10f2f97,436.63,443,193427.09
7e2571e3-33e5-46b9-9a21-18d6442914ed,4f0e6da8-d085-4ff1-bc8e-35c99dcd7819,68d5eeea-58cd-4b2b-aa94-44715b03ee5e,1428.96,936,1337506.56
cf44ee8b-5013-4648-8663-b8260bc19446,4f0e6da8-d085-4ff1-bc8e-35c99dcd7819,8f262ab1-a7e5-4d5d-a82d-2e56aaaf8d50,2736.24,883,2416099.92
5c6a89ab-f473-4f71-8f20-b60c90cfbc24,4f0e6da8-d085-4ff1-bc8e-35c99dcd7819,ce5228e4-3525-49f0-a480-35790461380b,1184.08,641,758995.28
2855f841-cb3c-47cf-97d9-050999578c86,4f0e6da8-d085-4ff1-bc8e-35c99dcd7819,eecaca04-a499-4eb5-a151-7c66dedd2170,2247.05,244,548280.2
3f329f93-b61f-4f9f-9a0b-5552ee84076b,4f0e6da8-d085-4ff1-bc8e-35c99dcd7819,6a854fc3-4b5e-4938-8d41-6a464f5da9cc,2360.43,560,1321840.8
c56b983f-230d-45ea-bed5-58a9ee66ea8c,e5b7c7df-3f35-401e-8cad-30b3456f2523,eecaca04-a499-4eb5-a151-7c66dedd2170,1560.4,950,1482380.0
a8290b75-1c26-4db1-b4ec-3844a9dfe032,e5b7c7df-3f35-401e-8cad-30b3456f2523,426dfc85-ff2a-4709-a996-d581c10f2f97,1133.06,73,82713.38
a3369004-909f-4fea-866d-149287afa37a,e5b7c7df-3f35-401e-8cad-30b3456f2523,36d9fc1c-5d48-4c50-849e-aaa7ca10480d,543.13,452,245494.76
618078a1-7697-4586-8dec-1e575751bd7a,e5b7c7df-3f35-401e-8cad-30b3456f2523,68d5eeea-58cd-4b2b-aa94-44715b03ee5e,1664.7,296,492751.2
9e1f0c35-3fda-4e06-ae65-d7126fbc9a61,e5b7c7df-3f35-401e-8cad-30b3456f2523,26bf1236-8893-44f4-9fca-babcb537d165,880.89,411,362045.79
1758ceec-4687-402b-a66a-dc131526c022,fe95355e-6ca5-4beb-914c-8abb4eedf573,8f262ab1-a7e5-4d5d-a82d-2e56aaaf8d50,436.46,556,242671.76
21506178-d6af-4b50-a253-7e261fdb6da4,3629c0c5-30ef-4545-ad1e-bad6358bddb7,426dfc85-ff2a-4709-a996-d581c10f2f97,2682.32,719,1928588.08
8e477580-895c-454f-80f8-5fdcb6ddd51d,3629c0c5-30ef-4545-ad1e-bad6358bddb7,a4a4c3db-6ba7-40ca-a4fb-99b4e328eaf3,2115.81,342,723607.02
d19fed43-c75d-4e1f-88ec-60c13f7625e7,3629c0c5-30ef-4545-ad1e-bad6358bddb7,36d9fc1c-5d48-4c50-849e-aaa7ca10480d,1749.07,917,1603897.19
4e085cf9-1825-4a53-b064-562bb38bcbe6,3629c0c5-30ef-4545-ad1e-bad6358bddb7,6df92470-cc22-47d9-b1e1-56d70c6fe31c,590.24,187,110374.88
6f8c29dc-9eec-4e1b-8ff5-0ca50f91ddd6,3629c0c5-30ef-4545-ad1e-bad6358bddb7,38c3ae11-2710-4d26-8bb4-132d5f2b3d8b,2682.63,794,2130008.22
87f8a5ab-a409-4ba6-b55f-9a948206c69a,767be7f6-2548-4344-9391-63aa026fc467,93570a8d-d5d2-482f-ab24-c5f502deac52,2362.41,424,1001661.84
ca1004ad-e1eb-4271-a4dd-24b4d2b9088b,767be7f6-2548-4344-9391-63aa026fc467,7df70441-0ae3-42f2-bfa1-74f05ac8079f,422.15,102,43059.3
e885ce07-c926-47f6-9960-66519645baae,767be7f6-2548-4344-9391-63aa026fc467,ce5228e4-3525-49f0-a480-35790461380b,1839.76,249,458100.24
15edf3cb-1f5a-4255-968e-3fb5491c8597,b43e11e0-c251-4ef3-840e-2209e0ca9407,8f262ab1-a7e5-4d5d-a82d-2e56aaaf8d50,1793.7,125,224212.5
ca4d6e0a-48d8-46e1-a775-caaa5fb756f8,b43e11e0-c251-4ef3-840e-2209e0ca9407,fe881a9f-c827-4dd7-a687-0116c6f50979,1343.14,511,686344.54
1d17f42d-029c-41e1-afad-def74a473fb4,b43e11e0-c251-4ef3-840e-2209e0ca9407,f3f1a6e1-0ea0-4634-a8b7-8dd7b6e914a6,2363.89,336,794267.04
c4a2f58f-bcfd-4cdc-9040-47b73fa4a7a7,c8ece820-b845-4727-a375-13ead4ad8b13,36d9fc1c-5d48-4c50-849e-aaa7ca10480d,2137.08,171,365440.68
93bd97a1-5558-4cf4-9325-0e4248a42096,c8ece820-b845-4727-a375-13ead4ad8b13,eecaca04-a499-4eb5-a151-7c66dedd2170,647.39,149,96461.11
e505ab37-4c53-4d3b-a156-8ecf763b94df,c8ece820-b845-4727-a375-13ead4ad8b13,f3f1a6e1-0ea0-4634-a8b7-8dd7b6e914a6,1363.54,863,1176735.02
26f5b221-9684-42bf-83fb-4dc331e46065,c8ece820-b845-4727-a375-13ead4ad8b13,7df70441-0ae3-42f2-bfa1-74f05ac8079f,2964.33,621,1840848.93
9df11c8f-5376-4dc9-98c5-620dc2a912ee,c8ece820-b845-4727-a375-13ead4ad8b13,fe881a9f-c827-4dd7-a687-0116c6f50979,2835.16,823,2333336.68
5dc30be2-8869-4a77-a866-7740c733d0d5,dac0b189-f411-4df8-8ba7-d7b291f72743,a4a4c3db-6ba7-40ca-a4fb-99b4e328eaf3,837.46,571,478189.66
303c34ba-c149-4e5d-9c60-0054e95e7071,dac0b189-f411-4df8-8ba7-d7b291f72743,09f07748-848a-467c-a053-06a9ecd32d2b,1383.75,91,125921.25
34f3ef00-fae8-4fd5-9936-ce7e394a84eb,e7e8f7e2-ab45-4793-850f-bfcbf5b21e3d,fe881a9f-c827-4dd7-a687-0116c6f50979,405.07,780,315954.6
b25c65f0-1ffe-468d-a9e7-c7be70770b7f,3465670f-1ea1-44ec-9633-5c3ba5bb7bba,fe881a9f-c827-4dd7-a687-0116c6f50979,2470.71,581,1435482.51
34ff45b3-80df-4ecb-bd8c-52e67ab8d474,3465670f-1ea1-44ec-9633-5c3ba5bb7bba,ce5228e4-3525-49f0-a480-35790461380b,1533.87,670,1027692.9
96b02d09-1c24-4b8e-b70f-1a7bce695bf4,3465670f-1ea1-44ec-9633-5c3ba5bb7bba,6e4d3016-a937-4168-bb88-be6604601f48,2711.46,193,523311.78
507d8ff2-c34e-44ef-a2c9-65dece73b29b,ccc4b547-a8a1-4485-9348-db0328012493,fe881a9f-c827-4dd7-a687-0116c6f50979,2814.7,376,1058327.2
b00d98c8-f444-421b-a22d-505d420f94e8,ccc4b547-a8a1-4485-9348-db0328012493,6a854fc3-4b5e-4938-8d41-6a464f5da9cc,738.76,681,503095.56
3a7e5830-abf1-4951-a86d-35c096227d7a,ccc4b547-a8a1-4485-9348-db0328012493,68d5eeea-58cd-4b2b-aa94-44715b03ee5e,2296.16,356,817432.96
f09241f0-59a2-4eb6-9f2b-3ec883bd2228,cd255f07-31ed-4343-9163-df61be7a89d4,a4a4c3db-6ba7-40ca-a4fb-99b4e328eaf3,1208.21,898,1084972.58
4575140e-29ac-403e-a821-1770713123b7,cd255f07-31ed-4343-9163-df61be7a89d4,38c3ae11-2710-4d26-8bb4-132d5f2b3d8b,1676.23,551,923602.73
0d33943c-eeb6-4c02-aebe-b87e9b98d15e,cd255f07-31ed-4343-9163-df61be7a89d4,7df70441-0ae3-42f2-bfa1-74f05ac8079f,2213.6,356,788041.6
06b12bca-dc50-43a5-a2fb-2290dc553637,cd255f07-31ed-4343-9163-df61be7a89d4,6e4d3016-a937-4168-bb88-be6604601f48,1582.21,67,106008.07
d2fe5de8-76fb-44e6-8552-2cf73fa9608a,cd255f07-31ed-4343-9163-df61be7a89d4,09f07748-848a-467c-a053-06a9ecd32d2b,1294.57,739,956687.23
2251084c-cc7a-4407-9c02-dd77c4b9e804,0db27e00-b207-4c4c-8f3c-0ad68d7b8d16,32bcba03-65de-4f37-92f5-6558e41de80d,2945.72,647,1905880.84
cb7640c5-3573-4a66-9ceb-86c1a26527bb,c0c8161b-e9b1-464c-a189-040106e8a300,09f07748-848a-467c-a053-06a9ecd32d2b,2451.24,792,1941382.08
e9734ead-d883-4d97-aa60-7a6d8c347b93,c0c8161b-e9b1-464c-a189-040106e8a300,6a854fc3-4b5e-4938-8d41-6a464f5da9cc,2654.67,694,1842340.98
89065fd6-6305-4274-9be9-d35db0f50dd5,c0c8161b-e9b1-464c-a189-040106e8a300,26bf1236-8893-44f4-9fca-babcb537d165,371.95,535,198993.25
7bc23dcc-91f6-469b-a8d1-15505704675f,4872f716-59b4-4449-ac14-02e8bae90ef3,68d5eeea-58cd-4b2b-aa94-44715b03ee5e,2911.09,851,2477337.59
96d34dc1-f05b-4fa2-ab6b-c60028fe034f,4872f716-59b4-4449-ac14-02e8bae90ef3,26bf1236-8893-44f4-9fca-babcb537d165,2924.55,642,1877561.1
7fdd9234-7c47-413e-ac7f-b17a1abe22e8,4872f716-59b4-4449-ac14-02e8bae90ef3,6e4d3016-a937-4168-bb88-be6604601f48,1859.61,788,1465372.68
d794e43c-ff6e-4b3a-8e05-14e6fd6f8d37,c977c506-83eb-4b5c-89f0-602671a8b005,26bf1236-8893-44f4-9fca-babcb537d165,1875.51,224,420114.24
262185d7-b7e5-42a8-a566-614fe5856ad9,e35d07b2-f666-4a6a-97c3-94d833ec55f0,38c3ae11-2710-4d26-8bb4-132d5f2b3d8b,1998.37,684,1366885.08
f381afd1-bf5d-491e-9a9e-a3a54876cc01,e35d07b2-f666-4a6a-97c3-94d833ec55f0,9f8d6179-6f64-4823-95b1-8c79ccaf6f14,2391.44,439,1049842.16
3c9bc09b-b2d7-45b8-9702-ebd094f8c974,e35d07b2-f666-4a6a-97c3-94d833ec55f0,a4a4c3db-6ba7-40ca-a4fb-99b4e328eaf3,698.99,747,522145.53
3f061913-1679-41e2-810d-860ae26e2245,e35d07b2-f666-4a6a-97c3-94d833ec55f0,7df70441-0ae3-42f2-bfa1-74f05ac8079f,953.93,636,606699.48
a99f2449-f36c-4c6f-842d-259e4d0896e0,e35d07b2-f666-4a6a-97c3-94d833ec55f0,09f07748-848a-467c-a053-06a9ecd32d2b,2860.15,162,463344.3
096d6460-6cb3-4d09-a2b5-3e3360938c79,95d92569-4c1a-4e10-a2d4-eea2cf54cc6f,7df70441-0ae3-42f2-bfa1-74f05ac8079f,351.13,371,130269.23
a4ebc125-5636-4f3e-998e-da7fee64bf53,95d92569-4c1a-4e10-a2d4-eea2cf54cc6f,426dfc85-ff2a-4709-a996-d581c10f2f97,1430.71,472,675295.12
240c07aa-cbd0-46f2-90ce-9c9863644b42,51bc0d9f-0658-461a-8d1b-f513d83e0d22,6a854fc3-4b5e-4938-8d41-6a464f5da9cc,1408.02,843,1186960.86
99b44c41-0dd4-478b-870d-b38b04ceb287,51bc0d9f-0658-461a-8d1b-f513d83e0d22,7df70441-0ae3-42f2-bfa1-74f05ac8079f,1950.99,532,1037926.68
b991589c-b661-4faa-a939-f1281ef12686,5751e176-ec4d-43b1-ba34-fd8394b6b99f,eecaca04-a499-4eb5-a151-7c66dedd2170,2205.59,581,1281447.79
c2977d98-2419-4992-9054-6da48338ea91,1db15cf9-8e57-48fe-814f-2ee0cb4eb162,426dfc85-ff2a-4709-a996-d581c10f2f97,1814.39,728,1320875.92
768701e5-610c-4943-a160-c8c46b319ba6,1db15cf9-8e57-48fe-814f-2ee0cb4eb162,6a854fc3-4b5e-4938-8d41-6a464f5da9cc,1591.6,435,692346.0
8aa00473-ff7e-4b82-ac7d-90b59874be80,a38dd52e-6cff-48c8-8716-bbe11ffba7de,b0272b01-8d79-4ec4-976d-e8ad31bc59cd,2883.05,520,1499186.0
bfb55cfc-b776-4b88-85a1-c01c1dad626a,a38dd52e-6cff-48c8-8716-bbe11ffba7de,6a854fc3-4b5e-4938-8d41-6a464f5da9cc,2762.74,400,1105096.0
536caa0f-207d-4414-8e3d-2187d8ff7bd7,a38dd52e-6cff-48c8-8716-bbe11ffba7de,32bcba03-65de-4f37-92f5-6558e41de80d,1774.94,742,1317005.48
17241f85-fd55-402b-8f32-e56ae79e099f,8b4fcd0d-8d38-45cc-a226-8f9c64ae518f,426dfc85-ff2a-4709-a996-d581c10f2f97,1947.21,246,479013.66
ed85aa19-eec9-464f-9138-366599ce6e44,8b4fcd0d-8d38-45cc-a226-8f9c64ae518f,b0272b01-8d79-4ec4-976d-e8ad31bc59cd,2884.81,335,966411.35
18cbbe4e-0c12-462f-89d0-f2391cd451a0,8b4fcd0d-8d38-45cc-a226-8f9c64ae518f,ce5228e4-3525-49f0-a480-35790461380b,1806.83,280,505912.4
bd167211-3619-4912-b5f4-9186ecb884f0,c1f9925d-325b-4b74-ab89-62ff592b9945,426dfc85-ff2a-4709-a996-d581c10f2f97,2382.17,771,1836653.07
ceb657ac-f0fa-47e8-b3a3-60e3b68ed5fb,c1f9925d-325b-4b74-ab89-62ff592b9945,17feba00-e112-4769-813f-6e5e8a62068a,859.65,771,662790.15
757abb56-64f7-4d68-acf1-71910f305bd4,c1f9925d-325b-4b74-ab89-62ff592b9945,7df70441-0ae3-42f2-bfa1-74f05ac8079f,1620.31,541,876587.71
1e39ff61-8017-47e8-8340-b152d2b31833,a47699cd-182f-4837-88a8-820789629111,26bf1236-8893-44f4-9fca-babcb537d165,1813.32,864,1566708.48
c978d54a-cc12-417d-9dc9-a8d2e29b36cf,a47699cd-182f-4837-88a8-820789629111,8f262ab1-a7e5-4d5d-a82d-2e56aaaf8d50,2248.49,344,773480.56
9574101c-f057-4840-8d2b-92c9b60d7158,a47699cd-182f-4837-88a8-820789629111,68d5eeea-58cd-4b2b-aa94-44715b03ee5e,629.06,742,466762.52
c49b3510-7037-4132-bd50-f75728042101,2ac4e493-b140-4b40-88fa-5664d5bf6f01,36d9fc1c-5d48-4c50-849e-aaa7ca10480d,1325.17,454,601627.18
0542680e-2bfa-4766-a474-d6df67f1f677,2ac4e493-b140-4b40-88fa-5664d5bf6f01,09f07748-848a-467c-a053-06a9ecd32d2b,2509.62,841,2110590.42
93df3d58-4c84-4084-942f-20d9aea4ccc8,2ac4e493-b140-4b40-88fa-5664d5bf6f01,fe881a9f-c827-4dd7-a687-0116c6f50979,2472.46,347,857943.62
0f0bbba9-4100-49b4-aa06-b58d8b7a4bf6,2ac4e493-b140-4b40-88fa-5664d5bf6f01,a4a4c3db-6ba7-40ca-a4fb-99b4e328eaf3,413.58,781,323005.98
8edcc348-9ecc-466e-8d78-3d7ec74901bc,2ac4e493-b140-4b40-88fa-5664d5bf6f01,7df70441-0ae3-42f2-bfa1-74f05ac8079f,513.38,996,511326.48
64f606a1-3a48-411a-abd3-776f52e3526c,50eb62c3-9371-4bb9-8ee7-04392255cf4e,8f262ab1-a7e5-4d5d-a82d-2e56aaaf8d50,2071.12,815,1687962.8
3a5a3861-6e59-4425-88f5-9791ea59f651,50eb62c3-9371-4bb9-8ee7-04392255cf4e,eecaca04-a499-4eb5-a151-7c66dedd2170,1593.51,256,407938.56
3b338e01-eb1b-497b-be6a-7bcf1f015e6c,50eb62c3-9371-4bb9-8ee7-04392255cf4e,a4a4c3db-6ba7-40ca-a4fb-99b4e328eaf3,2535.47,327,829098.69
f1f3dbdf-8113-4e74-b5f5-adf44feab5dd,50eb62c3-9371-4bb9-8ee7-04392255cf4e,b8805e54-6204-4043-9fca-5c5b094d2009,2819.16,762,2148199.92
d44f287c-1c74-44d3-86f8-5c54fcda93df,444558fd-ddca-477d-ba52-42ca4d74f927,09f07748-848a-467c-a053-06a9ecd32d2b,670.64,680,456035.2
dd80989e-6dd0-4f50-befa-1038a33dc756,444558fd-ddca-477d-ba52-42ca4d74f927,6a854fc3-4b5e-4938-8d41-6a464f5da9cc,2300.41,295,678620.95
c16b23b8-8439-4eb3-a44c-577dfb74cfb1,444558fd-ddca-477d-ba52-42ca4d74f927,bdde90b1-14b3-4e38-acef-202c18341abc,954.64,735,701660.4
ce1c7dbd-b847-43bb-99d6-da57a779968b,8a6edec5-770a-4fba-8b66-a2c44cc17e53,a4a4c3db-6ba7-40ca-a4fb-99b4e328eaf3,909.31,288,261881.28
687c5108-5efe-40cc-abfa-0da96bfdf58b,8a6edec5-770a-4fba-8b66-a2c44cc17e53,38c3ae11-2710-4d26-8bb4-132d5f2b3d8b,441.73,473,208938.29
8b5867fd-3919-417d-84c2-390513012328,8a6edec5-770a-4fba-8b66-a2c44cc17e53,93570a8d-d5d2-482f-ab24-c5f502deac52,1191.79,533,635224.07
32485a1d-ca7f-41b3-9875-a532126205cc,8a6edec5-770a-4fba-8b66-a2c44cc17e53,f3f1a6e1-0ea0-4634-a8b7-8dd7b6e914a6,571.47,839,479463.33
33c8e4b0-8ce8-4871-b359-20f424915f5b,8a6edec5-770a-4fba-8b66-a2c44cc17e53,eecaca04-a499-4eb5-a151-7c66dedd2170,671.16,613,411421.08
91fe2e2e-01b4-4773-816a-1b0ca132e6d0,8d0cb93a-e85d-4dee-a5b2-d988214282e9,09f07748-848a-467c-a053-06a9ecd32d2b,1398.65,951,1330116.15
75cce0d3-79a5-48a2-ab03-330dc27c8796,8d0cb93a-e85d-4dee-a5b2-d988214282e9,6df92470-cc22-47d9-b1e1-56d70c6fe31c,2671.68,538,1437363.84
13fb159c-9fe1-48ad-988b-ba011f475d15,639154ae-4914-414c-903c-c50b43afd51f,426dfc85-ff2a-4709-a996-d581c10f2f97,2340.96,344,805290.24
1fadda1f-0204-4579-bab6-7af5b1d2214c,639154ae-4914-414c-903c-c50b43afd51f,a4a4c3db-6ba7-40ca-a4fb-99b4e328eaf3,1167.15,711,829843.65
a3b8a32e-b402-42e4-9e2f-760bdfe02bb5,2fe5b2ec-6135-47db-9f11-078c94cc12a8,26bf1236-8893-44f4-9fca-babcb537d165,2751.43,141,387951.63
03e1313a-df09-4e95-909a-6ebf599fefcf,c9b18fb9-a8e0-4e82-a367-19bc0cd66614,6a854fc3-4b5e-4938-8d41-6a464f5da9cc,926.99,806,747153.94
03036aaa-d1ee-49b5-92fa-760e1aa938de,c9b18fb9-a8e0-4e82-a367-19bc0cd66614,a4a4c3db-6ba7-40ca-a4fb-99b4e328eaf3,2252.42,88,198212.96
a44d942e-72d5-42b4-ba28-e49674a7c912,c9b18fb9-a8e0-4e82-a367-19bc0cd66614,7df70441-0ae3-42f2-bfa1-74f05ac8079f,2765.72,229,633349.88
fc22fb33-a7d6-411d-a597-958c371baaa5,c9b18fb9-a8e0-4e82-a367-19bc0cd66614,26bf1236-8893-44f4-9fca-babcb537d165,1428.29,907,1295459.03
da14ca19-e775-4a12-89bc-732adb752b28,c9b18fb9-a8e0-4e82-a367-19bc0cd66614,09f07748-848a-467c-a053-06a9ecd32d2b,774.63,991,767658.33
82b3ddf6-f538-4834-9f88-3d8260fc267b,3597501c-da62-4b86-8915-cc9590e8aec3,b0272b01-8d79-4ec4-976d-e8ad31bc59cd,2992.36,456,1364516.16
cb3e600b-034f-4afd-ab91-a63de436b6a4,653b8b23-7be8-4ba3-b622-e1c23c404c17,b8805e54-6204-4043-9fca-5c5b094d2009,803.04,816,655280.64
de5bf473-b6e8-4ad5-8403-2b006245c93c,653b8b23-7be8-4ba3-b622-e1c23c404c17,6e4d3016-a937-4168-bb88-be6604601f48,2897.75,998,2891954.5
4b6b650b-32aa-4141-8bae-f2c92985ef41,653b8b23-7be8-4ba3-b622-e1c23c404c17,a4a4c3db-6ba7-40ca-a4fb-99b4e328eaf3,1081.56,88,95177.28
0546ebf3-0943-4a79-bf14-e94810100ff8,653b8b23-7be8-4ba3-b622-e1c23c404c17,09f07748-848a-467c-a053-06a9ecd32d2b,325.02,631,205087.62
8bdc721a-a39e-48db-8924-9eb53dbcf1ba,b7c9962b-a9cd-45ae-a4a5-06ccdcfb0e6a,68d5eeea-58cd-4b2b-aa94-44715b03ee5e,589.71,393,231756.03
58d5b4af-373d-4460-99bc-1ac22bbc3803,b7c9962b-a9cd-45ae-a4a5-06ccdcfb0e6a,6e4d3016-a937-4168-bb88-be6604601f48,1068.32,706,754233.92
2f2ebee6-8524-4db3-83d6-bbbf3d8304d2,b7c9962b-a9cd-45ae-a4a5-06ccdcfb0e6a,8f262ab1-a7e5-4d5d-a82d-2e56aaaf8d50,1766.91,555,980635.05
4989fa60-97a2-400a-92b0-54ebd1e98ff4,b7c9962b-a9cd-45ae-a4a5-06ccdcfb0e6a,1b662a26-3ed2-4697-b4a9-31a6e852ea76,2701.0,187,505087.0
f457b01d-61f3-4e5e-9c75-b8945090b79b,b7c9962b-a9cd-45ae-a4a5-06ccdcfb0e6a,fe881a9f-c827-4dd7-a687-0116c6f50979,2597.86,529,1374267.94
c4952c5b-93ad-401e-88d3-58555a6dca4f,6fbc50f2-ac45-47db-8e77-19e243eec815,1b662a26-3ed2-4697-b4a9-31a6e852ea76,820.59,165,135397.35
9fca93c2-c631-4230-8ca0-6769fe495882,6fbc50f2-ac45-47db-8e77-19e243eec815,a4a4c3db-6ba7-40ca-a4fb-99b4e328eaf3,1192.85,798,951894.3
f43258f8-b88c-4dc9-8f90-24f2b06171a8,6fbc50f2-ac45-47db-8e77-19e243eec815,38c3ae11-2710-4d26-8bb4-132d5f2b3d8b,1539.07,313,481728.91
c114cda6-f443-449e-ab3f-d7d4e7031f74,909729b7-3396-4201-8239-28d50e666845,38c3ae11-2710-4d26-8bb4-132d5f2b3d8b,338.03,395,133521.85
fdb1c33e-2c39-4d8f-843b-2cc2f24359b0,909729b7-3396-4201-8239-28d50e666845,a4a4c3db-6ba7-40ca-a4fb-99b4e328eaf3,2435.07,631,1536529.17
42814aed-9427-4e85-996e-4b66cd358f22,fbaa418e-732e-4959-a521-5b821c58d651,ce5228e4-3525-49f0-a480-35790461380b,773.84,926,716575.84
f4b0ca7d-ab91-40f1-bf57-7a322d0f48c4,fbaa418e-732e-4959-a521-5b821c58d651,17feba00-e112-4769-813f-6e5e8a62068a,2024.56,465,941420.4
003e5cf0-73cd-4a61-8708-d8dfbbb2ee2b,c0417ea2-d42d-4813-b1f8-e29b559f1721,38c3ae11-2710-4d26-8bb4-132d5f2b3d8b,1691.26,138,233393.88
e5d154e6-5b45-4dd8-9315-2d11f8a9931c,c0417ea2-d42d-4813-b1f8-e29b559f1721,8f262ab1-a7e5-4d5d-a82d-2e56aaaf8d50,1382.25,147,203190.75
8152d5cb-3021-40f9-b5e8-939d91d51ff7,c0417ea2-d42d-4813-b1f8-e29b559f1721,f3f1a6e1-0ea0-4634-a8b7-8dd7b6e914a6,798.91,193,154189.63
089b96fd-5e1a-4c9b-aba6-7e86150744fe,c0417ea2-d42d-4813-b1f8-e29b559f1721,09f07748-848a-467c-a053-06a9ecd32d2b,1589.13,304,483095.52
f9a310a7-17cd-4550-9f7e-0ae1ed29e52e,a172542a-adc1-48f4-8a71-806f2882d5b7,17feba00-e112-4769-813f-6e5e8a62068a,1004.12,291,292198.92
a7439495-c44d-4561-89cc-416bae7fa4ca,b92342bc-96fd-49b4-ab0b-c1cf26319c13,68d5eeea-58cd-4b2b-aa94-44715b03ee5e,2335.14,387,903699.18
3eb22aa9-118e-4266-ab49-0ff0c14109d0,b92342bc-96fd-49b4-ab0b-c1cf26319c13,93570a8d-d5d2-482f-ab24-c5f502deac52,1115.25,790,881047.5
0d171b32-2a2d-465c-91d4-bb41d0c3e128,b92342bc-96fd-49b4-ab0b-c1cf26319c13,ce5228e4-3525-49f0-a480-35790461380b,1846.77,317,585426.09
d6b29b61-57d7-4dec-a11c-8e06d44411fa,b92342bc-96fd-49b4-ab0b-c1cf26319c13,09f07748-848a-467c-a053-06a9ecd32d2b,2064.95,759,1567297.05
72bd4e12-55dc-4ac5-9263-701d761b6ac4,18dda344-a0e8-4aa5-b429-ef680a8ffe57,426dfc85-ff2a-4709-a996-d581c10f2f97,467.74,171,79983.54
08384487-dee0-481b-8c9f-c72bb3a5e171,18dda344-a0e8-4aa5-b429-ef680a8ffe57,6e4d3016-a937-4168-bb88-be6604601f48,1556.57,213,331549.41
4f1e20c5-b010-425d-b8a3-d36491b7a610,2ca36ab8-7352-4c3d-97be-927b72a2d2ac,7df70441-0ae3-42f2-bfa1-74f05ac8079f,2152.4,995,2141638.0
f854ec75-b4db-4920-b587-acb169e8dbdc,2ca36ab8-7352-4c3d-97be-927b72a2d2ac,6df92470-cc22-47d9-b1e1-56d70c6fe31c,2716.82,770,2091951.4
e454b4b9-aa29-43a5-839b-c91457a957bf,2ca36ab8-7352-4c3d-97be-927b72a2d2ac,38c3ae11-2710-4d26-8bb4-132d5f2b3d8b,2378.57,756,1798198.92
364d1d98-a2c7-4611-91ab-17c32ae6660a,2ca36ab8-7352-4c3d-97be-927b72a2d2ac,ce5228e4-3525-49f0-a480-35790461380b,617.02,988,609615.76
f76bb933-3a63-4c7b-a4bc-29ea06e172ad,9f465fcf-df24-45ee-bbb1-45b84161fc56,38c3ae11-2710-4d26-8bb4-132d5f2b3d8b,1292.37,276,356694.12
47477d05-59db-4d81-9929-18db1b040d30,9f465fcf-df24-45ee-bbb1-45b84161fc56,6a854fc3-4b5e-4938-8d41-6a464f5da9cc,891.65,186,165846.9
4f9b59a4-634d-480d-8c02-5b1da7b9d966,9f465fcf-df24-45ee-bbb1-45b84161fc56,09f07748-848a-467c-a053-06a9ecd32d2b,1591.09,515,819411.35
93344a9c-eb48-43eb-9448-eb2265c03249,f4cfe907-aaee-4f12-a207-886c0684d730,7df70441-0ae3-42f2-bfa1-74f05ac8079f,1308.79,768,1005150.72
e1e5dee5-2cd2-4244-9e8c-bbad1e43fb81,f4cfe907-aaee-4f12-a207-886c0684d730,6a854fc3-4b5e-4938-8d41-6a464f5da9cc,1782.93,532,948518.76
a35ef402-6120-42bf-a909-e68d0e0c6530,f4cfe907-aaee-4f12-a207-886c0684d730,a4a4c3db-6ba7-40ca-a4fb-99b4e328eaf3,2344.85,871,2042364.35
894f4a80-5a64-4509-949f-4f1d272a18ac,f4cfe907-aaee-4f12-a207-886c0684d730,09f07748-848a-467c-a053-06a9ecd32d2b,2093.05,273,571402.65
06dc6dfd-ad5f-402a-8512-b7dbaea0949b,f4cfe907-aaee-4f12-a207-886c0684d730,36d9fc1c-5d48-4c50-849e-aaa7ca10480d,2357.02,746,1758336.92
e9c8cc4d-0a47-4b3f-821f-e2c2881e91bf,440db55d-99bd-4df0-b97f-b6372b091291,6e4d3016-a937-4168-bb88-be6604601f48,2657.46,133,353442.18
36fffbad-e99f-4b14-940a-c51210ae6d35,440db55d-99bd-4df0-b97f-b6372b091291,b8805e54-6204-4043-9fca-5c5b094d2009,1718.87,590,1014133.3
7df29a71-14c0-4018-828d-baeecca7b39e,440db55d-99bd-4df0-b97f-b6372b091291,ce5228e4-3525-49f0-a480-35790461380b,2200.17,129,283821.93
915679b4-2bd6-4645-82f8-aa884f8beb41,440db55d-99bd-4df0-b97f-b6372b091291,a4a4c3db-6ba7-40ca-a4fb-99b4e328eaf3,2776.56,164,455355.84
44b2552d-8a8d-4c11-9aff-eb1d704399a6,440db55d-99bd-4df0-b97f-b6372b091291,f3f1a6e1-0ea0-4634-a8b7-8dd7b6e914a6,466.75,610,284717.5
a16d689c-0a37-42b9-a7c9-3577b95103a9,8b8bab62-032c-49e5-a0de-fa5c8e5fbf36,1b662a26-3ed2-4697-b4a9-31a6e852ea76,845.82,599,506646.18
cfa02f87-937b-48f2-bf64-d19ac19a58ac,8b8bab62-032c-49e5-a0de-fa5c8e5fbf36,eecaca04-a499-4eb5-a151-7c66dedd2170,704.6,385,271271.0
64890a45-3f3c-4c3b-8cb2-6dfb21604b42,8b8bab62-032c-49e5-a0de-fa5c8e5fbf36,38c3ae11-2710-4d26-8bb4-132d5f2b3d8b,2607.11,502,1308769.22
41818d2c-8c03-43ba-b7f7-cb7857789cc3,8b8bab62-032c-49e5-a0de-fa5c8e5fbf36,426dfc85-ff2a-4709-a996-d581c10f2f97,613.85,260,159601.0
1988fe21-1956-4d52-ad4f-835b0bbf7dd4,8b8bab62-032c-49e5-a0de-fa5c8e5fbf36,4c62a13f-c3ef-48f2-bfe8-fb3ab0ca8701,2235.68,550,1229624.0
